RID,VISCODE,EXAMDATE,pT217_C2N,npT217_C2N,AB42_C2N,AB40_C2N,AB42_AB40_C2N,APS2_C2N,APOE_C2N,NfL_Q,GFAP_Q,PLASMATAU,APOE4_Count
2,bl,,,,,,,,,14.9,94.6,2.41,
3,bl,,,,,,,,,,,3.84,
4,bl,,,,,,,,,,,3.76,
5,bl,,,,,,,,,,,3.81,
6,bl,,,,,,,,,,,2.86,
7,bl,,,,,,,,,,,5.92,
8,bl,,,,,,,,,26.6,141.1,2.75,
8,v41,,,,,,,,,55.8,289.1,,
10,bl,,,,,,,,,26.5,194.3,2.74,
10,m24,,,,,,,,,30.2,221.3,,
14,bl,,,,,,,,,,,4.51,
15,bl,,,,,,,,,29.8,106.3,3.08,
16,bl,,,,,,,,,,,4.57,
19,bl,,,,,,,,,,,2.57,
21,4_init,2024-12-09,1.915,86.552,75.303,667.394,0.113,7.0,E2/E3,34.6,232.1,,0.0
21,bl,,,,,,,,,,,2.42,
22,bl,,,,,,,,,6.6,39.0,2.91,
23,bl,,,,,,,,,,,3.18,
29,bl,,,,,,,,,,,4.21,
30,bl,,,,,,,,,,,3.53,
31,bl,,,,,,,,,,,2.58,
33,bl,,,,,,,,,,,2.48,
35,bl,,,,,,,,,15.4,79.7,1.55,
38,bl,,,,,,,,,,,3.33,
40,bl,,,,,,,,,,,2.54,
41,bl,,,,,,,,,,,2.77,
41,m48,,,,,,,,,23.4,233.3,,
42,bl,,,,,,,,,73.3,172.1,2.57,
42,v31,,,,,,,,,21.3,139.7,,
43,bl,,,,,,,,,,,0.15,
44,bl,,,,,,,,,,,3.38,
45,bl,,,,,,,,,,,3.48,
47,bl,,,,,,,,,,,2.86,
48,bl,,,,,,,,,,,2.71,
50,bl,,,,,,,,,,,3.41,
51,bl,,,,,,,,,,,1.94,
53,bl,,,,,,,,,44.1,306.6,2.54,
53,m24,,,,,,,,,52.0,455.1,,
54,bl,,,,,,,,,,,4.56,
55,bl,,,,,,,,,,,1.24,
55,m06,,,,,,,,,17.3,72.9,,
56,bl,,,,,,,,,12.4,91.0,3.33,
57,bl,,,,,,,,,,,3.68,
58,bl,,,,,,,,,,,2.53,
59,bl,,,,,,,,,7.3,90.9,3.76,
60,bl,,,,,,,,,,,6.77,
61,bl,,,,,,,,,31.2,292.9,4.05,
66,bl,,,,,,,,,,,2.74,
67,bl,,,,,,,,,,,3.72,
68,bl,,,,,,,,,,,3.21,
69,4_init,2024-04-01,2.709,78.306,62.669,671.452,0.093,27.0,E3/E3,40.3,344.6,,0.0
69,4_m12,2025-04-07,0.65,75.045,68.185,634.858,0.107,5.0,E3/E3,,,,0.0
69,bl,,,,,,,,,27.3,158.7,4.27,
70,bl,,,,,,,,,,,3.09,
72,bl,,,,,,,,,,,2.78,
74,bl,,,,,,,,,,,2.43,
76,bl,,,,,,,,,,,4.6,
77,bl,,,,,,,,,,,4.69,
78,bl,,,,,,,,,35.4,261.7,4.74,
78,m18,,,,,,,,,47.7,504.1,,
80,bl,,,,,,,,,,,2.5,
81,bl,,,,,,,,,,,3.55,
83,bl,,,,,,,,,,,4.23,
84,bl,,,,,,,,,,,3.85,
86,bl,,,,,,,,,,,2.94,
87,bl,,,,,,,,,,,1.85,
88,bl,,,,,,,,,,,2.99,
89,4_init,2023-11-29,0.65,47.139,38.97,406.884,0.096,10.0,E3/E3,17.6,110.1,,0.0
89,bl,,,,,,,,,,,6.08,
90,bl,,,,,,,,,,,2.34,
91,m24,,,,,,,,,17.8,179.7,,
93,bl,,,,,,,,,48.6,364.4,5.23,
93,m24,,,,,,,,,62.4,587.0,,
94,bl,,,,,,,,,,,6.35,
95,bl,,,,,,,,,,,1.66,
96,bl,,,,,,,,,,,1.52,
97,bl,,,,,,,,,,,2.44,
101,bl,,,,,,,,,,,1.83,
101,v11,,,,,,,,,23.9,244.4,,
102,bl,,,,,,,,,,,6.48,
103,bl,,,,,,,,,,,4.1,
106,bl,,,,,,,,,10.2,59.5,2.99,
106,y1,,,,,,,,,41.1,387.2,,
107,bl,,,,,,,,,,,3.51,
108,bl,,,,,,,,,33.4,257.3,,
108,v06,,,,,,,,,68.8,464.9,,
109,bl,,,,,,,,,,,2.82,
110,bl,,,,,,,,,,,3.05,
111,bl,,,,,,,,,,,2.4,
112,bl,,,,,,,,,,,2.2,
113,bl,,,,,,,,,,,1.3,
118,bl,,,,,,,,,,,2.79,
120,bl,,,,,,,,,13.5,51.99,2.49,
120,init,,,,,,,,,26.4,200.3,,
123,bl,,,,,,,,,19.0,150.4,2.71,
125,bl,,,,,,,,,,,3.15,
126,bl,,,,,,,,,,,2.51,
127,4_init,2025-01-29,3.794,131.783,77.054,763.225,0.101,16.0,E3/E3,27.7,159.7,,0.0
127,bl,,,,,,,,,18.6,30.6,6.58,
127,init,,,,,,,,,14.4,90.68,,
128,sc,,,,,,,,,20.1,191.7,,
129,bl,,,,,,,,,,,3.15,
130,bl,,,,,,,,,,,3.35,
135,bl,,,,,,,,,,,3.19,
139,bl,,,,,,,,,,,5.99,
142,v41,,,,,,,,,42.7,348.5,,
147,bl,,,,,,,,,,,4.65,
149,bl,,,,,,,,,44.0,335.3,2.8,
149,m24,,,,,,,,,41.8,433.3,,
150,bl,,,,,,,,,,,5.94,
156,bl,,,,,,,,,,,1.76,
156,m06,,,,,,,,,17.5,98.4,,
158,bl,,,,,,,,,,,1.77,
159,bl,,,,,,,,,,,4.38,
161,v21,,,,,,,,,46.8,221.6,,
162,bl,,,,,,,,,,,2.12,
166,bl,,,,,,,,,15.9,192.6,2.84,
171,bl,,,,,,,,,25.5,150.0,1.75,
172,bl,,,,,,,,,,,3.67,
173,bl,,,,,,,,,33.4,54.0,4.01,
177,bl,,,,,,,,,,,0.38,
183,bl,,,,,,,,,40.7,413.1,4.78,
183,m24,,,,,,,,,54.3,488.6,,
184,bl,,,,,,,,,,,2.69,
186,bl,,,,,,,,,,,3.03,
188,bl,,,,,,,,,,,2.94,
190,bl,,,,,,,,,,,2.3,
190,m24,,,,,,,,,24.3,315.5,,
194,bl,,,,,,,,,,,1.71,
196,bl,,,,,,,,,,,1.84,
200,4_init,2024-09-11,0.65,26.637,54.293,511.174,0.106,10.0,E3/E3,27.9,166.8,,0.0
204,bl,,,,,,,,,,,2.59,
205,y3,,,,,,,,,31.0,410.3,,
210,bl,,,,,,,,,13.3,62.5,3.99,
210,init,,,,,,,,,26.3,226.9,,
213,bl,,,,,,,,,,,0.88,
214,bl,,,,,,,,,18.8,93.98,2.98,
214,v41,,,,,,,,,24.7,129.9,,
216,bl,,,,,,,,,,,4.87,
217,v06,,,,,,,,,29.9,208.1,,
219,bl,,,,,,,,,,,3.77,
221,bl,,,,,,,,,,,1.74,
222,bl,,,,,,,,,,,1.69,
223,bl,,,,,,,,,30.0,391.8,2.53,
223,m36,,,,,,,,,35.3,269.2,,
228,bl,,,,,,,,,,,3.48,
229,bl,,,,,,,,,21.5,116.6,3.06,
230,bl,,,,,,,,,37.6,195.8,4.16,
231,bl,,,,,,,,,,,3.24,
232,bl,,,,,,,,,,,1.32,
232,m06,,,,,,,,,33.4,78.46,,
240,bl,,,,,,,,,,,4.08,
243,bl,,,,,,,,,,,2.44,
245,bl,,,,,,,,,,,0.57,
249,m48,,,,,,,,,46.9,315.5,,
256,bl,,,,,,,,,26.4,298.1,1.68,
256,m72,,,,,,,,,44.3,323.8,,
257,v31,,,,,,,,,28.9,192.2,,
259,bl,,,,,,,,,11.8,110.2,2.25,
260,bl,,,,,,,,,,,0.44,
262,bl,,,,,,,,,,,2.85,
266,bl,,,,,,,,,,,3.5,
269,bl,,,,,,,,,22.8,281.4,3.17,
269,v06,,,,,,,,,25.5,375.8,,
272,bl,,,,,,,,,,,3.51,
273,bl,,,,,,,,,,,2.58,
283,bl,,,,,,,,,,,2.57,
284,m12,,,,,,,,,46.9,325.1,,
285,bl,,,,,,,,,,,2.44,
286,bl,,,,,,,,,,,2.66,
288,bl,,,,,,,,,,,2.96,
291,bl,,,,,,,,,,,3.72,
292,bl,,,,,,,,,,,2.6,
293,bl,,,,,,,,,,,2.78,
293,m36,,,,,,,,,42.9,294.6,,
294,bl,,,,,,,,,,,1.88,
295,bl,,,,,,,,,,,3.0,
295,v11,,,,,,,,,23.3,67.8,,
296,v41,,,,,,,,,44.2,517.1,,
298,bl,,,,,,,,,,,3.02,
299,bl,,,,,,,,,,,2.82,
300,bl,,,,,,,,,,,0.76,
301,bl,,,,,,,,,,,2.98,
303,bl,,,,,,,,,,,1.77,
303,init,,,,,,,,,35.1,211.5,,
303,v51,,,,,,,,,21.5,179.5,,
304,bl,,,,,,,,,,,1.61,
307,bl,,,,,,,,,,,4.77,
310,bl,,,,,,,,,,,2.75,
311,v21,,,,,,,,,37.3,217.2,,
312,bl,,,,,,,,,,,2.36,
314,bl,,,,,,,,,,,3.17,
315,bl,,,,,,,,,,,4.06,
316,bl,,,,,,,,,,,3.5,
316,m24,,,,,,,,,33.2,340.2,,
319,bl,,,,,,,,,,,2.55,
321,bl,,,,,,,,,,,3.03,
326,bl,,,,,,,,,25.3,129.5,1.06,
326,m36,,,,,,,,,46.3,197.6,,
328,bl,,,,,,,,,,,3.63,
331,bl,,,,,,,,,,,0.94,
332,bl,,,,,,,,,,,6.04,
335,bl,,,,,,,,,,,8.89,
336,bl,,,,,,,,,,,1.64,
337,4_init,2023-10-23,3.635,109.686,62.596,719.192,0.087,32.0,E3/E4,49.9,362.8,,1.0
337,bl,,,,,,,,,,,2.99,
341,bl,,,,,,,,,,,3.37,
343,bl,,,,,,,,,,,5.12,
344,bl,,,,,,,,,,,3.16,
344,m48,,,,,,,,,20.5,310.9,,
352,bl,,,,,,,,,,,0.74,
356,bl,,,,,,,,,,,3.31,
359,bl,,,,,,,,,,,2.43,
360,bl,,,,,,,,,,,1.74,
361,bl,,,,,,,,,,,1.97,
362,bl,,,,,,,,,41.0,304.2,2.61,
362,m48,,,,,,,,,45.3,370.0,,
363,bl,,,,,,,,,18.3,313.1,3.49,
366,bl,,,,,,,,,,,4.88,
369,bl,,,,,,,,,,,17.55,
370,bl,,,,,,,,,,,1.15,
372,bl,,,,,,,,,,,4.01,
374,bl,,,,,,,,,,,6.04,
376,bl,,,,,,,,,26.5,77.79,1.77,
376,v06,,,,,,,,,44.0,147.9,,
377,y2,,,,,,,,,57.7,258.6,,
378,bl,,,,,,,,,7.31,54.95,3.31,
378,v21,,,,,,,,,30.3,576.1,,
382,bl,,,,,,,,,,,2.84,
386,bl,,,,,,,,,,,1.65,
388,bl,,,,,,,,,,,4.22,
390,bl,,,,,,,,,,,4.1,
392,bl,,,,,,,,,,,2.72,
394,bl,,,,,,,,,,,4.9,
397,bl,,,,,,,,,,,2.96,
400,bl,,,,,,,,,25.9,267.4,2.43,
400,m24,,,,,,,,,25.5,248.0,,
401,bl,,,,,,,,,,,1.57,
403,bl,,,,,,,,,,,4.98,
404,bl,,,,,,,,,,,2.7,
405,bl,,,,,,,,,,,2.81,
407,bl,,,,,,,,,,,0.08,
408,bl,,,,,,,,,32.3,175.3,,
408,v11,,,,,,,,,38.4,239.2,,
409,bl,,,,,,,,,,,3.73,
410,bl,,,,,,,,,,,3.71,
413,4_init,2025-02-19,1.672,58.156,54.915,494.459,0.111,10.0,E3/E3,24.8,156.6,,0.0
413,bl,,,,,,,,,,,1.39,
416,4_init,2025-08-06,3.135,63.317,51.671,624.988,0.083,57.0,E3/E3,,,,0.0
416,bl,,,,,,,,,,,2.55,
416,m06,,,,,,,,,43.0,145.3,,
417,bl,,,,,,,,,,,3.79,
419,bl,,,,,,,,,,,1.94,
420,bl,,,,,,,,,13.8,222.1,0.38,
420,init,,,,,,,,,24.4,272.5,,
422,bl,,,,,,,,,,,2.82,
423,bl,,,,,,,,,,,3.69,
425,bl,,,,,,,,,,,3.47,
426,bl,,,,,,,,,,,2.15,
429,bl,,,,,,,,,,,1.23,
431,bl,,,,,,,,,,,5.3,
433,bl,,,,,,,,,,,1.79,
436,bl,,,,,,,,,,,3.17,
438,bl,,,,,,,,,,,3.38,
441,bl,,,,,,,,,,,1.26,
442,bl,,,,,,,,,,,2.75,
443,bl,,,,,,,,,,,1.76,
445,bl,,,,,,,,,,,3.25,
446,bl,,,,,,,,,,,2.9,
448,bl,,,,,,,,,25.1,510.7,2.05,
448,v31,,,,,,,,,32.6,667.4,,
449,bl,,,,,,,,,,,1.82,
454,bl,,,,,,,,,27.5,161.2,3.39,
457,bl,,,,,,,,,,,3.45,
458,bl,,,,,,,,,31.0,217.4,,
458,m18,,,,,,,,,40.3,236.6,,
459,bl,,,,,,,,,26.2,70.1,1.99,
464,bl,,,,,,,,,,,1.56,
467,init,,,,,,,,,31.8,244.9,,
467,m06,,,,,,,,,16.9,136.9,,
467,y2,,,,,,,,,36.6,229.2,,
470,bl,,,,,,,,,,,4.34,
472,bl,,,,,,,,,,,3.12,
473,bl,,,,,,,,,,,2.62,
474,bl,,,,,,,,,,,2.67,
476,bl,,,,,,,,,,,4.84,
478,bl,,,,,,,,,,,2.89,
479,bl,,,,,,,,,15.7,389.7,2.07,
479,v11,,,,,,,,,22.8,388.7,,
481,bl,,,,,,,,,,,2.62,
484,bl,,,,,,,,,,,1.51,
487,bl,,,,,,,,,21.7,132.5,3.08,
487,m24,,,,,,,,,22.6,200.8,,
488,bl,,,,,,,,,,,4.79,
489,bl,,,,,,,,,,,3.02,
492,bl,,,,,,,,,25.9,358.1,2.58,
492,m06,,,,,,,,,27.0,366.0,,
493,bl,,,,,,,,,,,3.05,
497,bl,,,,,,,,,,,3.94,
498,bl,,,,,,,,,,,2.0,
500,bl,,,,,,,,,,,2.34,
501,bl,,,,,,,,,,,3.77,
505,bl,,,,,,,,,,,3.83,
506,bl,,,,,,,,,,,2.55,
507,bl,,,,,,,,,,,1.14,
511,bl,,,,,,,,,,,5.35,
514,bl,,,,,,,,,29.7,220.6,1.33,
514,v06,,,,,,,,,47.8,282.8,,
516,bl,,,,,,,,,,,1.98,
517,bl,,,,,,,,,,,3.01,
518,bl,,,,,,,,,8.01,63.92,1.83,
518,m36,,,,,,,,,12.8,82.89,,
519,bl,,,,,,,,,,,1.78,
520,bl,,,,,,,,,5.7,68.0,3.32,
522,bl,,,,,,,,,,,1.99,
522,m06,,,,,,,,,12.7,146.7,,
525,bl,,,,,,,,,,,4.28,
526,bl,,,,,,,,,,,2.44,
528,bl,,,,,,,,,,,2.58,
531,bl,,,,,,,,,,,2.93,
533,bl,,,,,,,,,,,3.36,
534,bl,,,,,,,,,,,1.65,
535,bl,,,,,,,,,,,4.13,
543,bl,,,,,,,,,,,4.79,
544,bl,,,,,,,,,,,2.06,
545,m24,,,,,,,,,11.0,78.4,,
546,v21,,,,,,,,,36.3,116.4,,
547,bl,,,,,,,,,,,2.95,
547,m24,,,,,,,,,18.1,74.2,,
548,bl,,,,,,,,,18.9,173.3,3.4,
553,bl,,,,,,,,,,,2.74,
553,v51,,,,,,,,,43.2,225.4,,
554,bl,,,,,,,,,,,3.69,
554,m24,,,,,,,,,35.0,311.1,,
555,bl,,,,,,,,,,,3.91,
555,m06,,,,,,,,,25.3,325.1,,
558,bl,,,,,,,,,37.8,129.4,3.19,
559,bl,,,,,,,,,,,3.17,
559,m36,,,,,,,,,33.2,101.1,,
563,bl,,,,,,,,,25.3,151.0,,
563,v11,,,,,,,,,55.4,264.8,,
565,bl,,,,,,,,,34.2,270.0,7.73,
565,m24,,,,,,,,,57.8,339.3,,
566,bl,,,,,,,,,,,2.92,
567,bl,,,,,,,,,34.6,235.0,3.08,
567,m36,,,,,,,,,38.7,272.9,,
572,v21,,,,,,,,,38.2,211.4,,
576,bl,,,,,,,,,,,3.25,
577,bl,,,,,,,,,,,1.47,
578,bl,,,,,,,,,,,2.13,
579,bl,,,,,,,,,,,4.41,
588,bl,,,,,,,,,,,15.96,
590,bl,,,,,,,,,,,3.44,
592,bl,,,,,,,,,,,1.84,
598,bl,,,,,,,,,,,1.81,
601,bl,,,,,,,,,,,2.27,
602,bl,,,,,,,,,10.8,172.8,1.63,
605,4_init,2024-08-06,12.201,103.046,56.567,576.08,0.098,95.0,E3/E4,38.0,514.9,,1.0
605,4_m12,2025-08-12,11.938,85.656,54.786,575.366,0.095,99.0,E3/E4,,,,1.0
605,bl,,,,,,,,,,,4.21,
605,m06,,,,,,,,,22.5,215.3,,
606,bl,,,,,,,,,,,5.4,
607,bl,,,,,,,,,,,5.02,
610,bl,,,,,,,,,,,2.96,
613,bl,,,,,,,,,,,4.71,
618,bl,,,,,,,,,,,0.71,
618,y1,,,,,,,,,22.3,207.5,,
619,bl,,,,,,,,,,,3.39,
621,bl,,,,,,,,,,,1.3,
622,bl,,,,,,,,,20.4,183.8,1.68,
625,bl,,,,,,,,,,,2.82,
626,bl,,,,,,,,,,,3.71,
626,init,,,,,,,,,92.4,592.2,,
627,bl,,,,,,,,,,,4.04,
633,bl,,,,,,,,,,,3.21,
638,bl,,,,,,,,,,,0.32,
640,bl,,,,,,,,,,,2.55,
642,bl,,,,,,,,,,,2.87,
643,bl,,,,,,,,,,,2.31,
644,bl,,,,,,,,,,,3.88,
647,bl,,,,,,,,,,,2.38,
648,bl,,,,,,,,,,,1.99,
649,bl,,,,,,,,,76.7,338.9,2.28,
649,v06,,,,,,,,,32.1,282.2,,
653,bl,,,,,,,,,,,1.62,
657,bl,,,,,,,,,,,2.08,
658,bl,,,,,,,,,,,3.34,
668,bl,,,,,,,,,,,1.64,
671,bl,,,,,,,,,,,3.0,
672,bl,,,,,,,,,,,2.26,
673,bl,,,,,,,,,,,4.82,
677,bl,,,,,,,,,,,1.96,
679,4_init,2024-05-01,2.822,66.039,31.737,416.96,0.076,56.0,E3/E3,13.1,145.9,,0.0
680,bl,,,,,,,,,14.0,119.7,3.06,
681,bl,,,,,,,,,,,5.38,
682,bl,,,,,,,,,,,2.79,
684,bl,,,,,,,,,47.2,423.0,4.43,
685,bl,,,,,,,,,,,1.27,
686,bl,,,,,,,,,,,2.52,
689,bl,,,,,,,,,,,1.28,
690,bl,,,,,,,,,,,2.49,
691,m12,,,,,,,,,34.5,300.3,,
692,bl,,,,,,,,,,,2.34,
696,bl,,,,,,,,,,,1.81,
697,bl,,,,,,,,,,,1.6,
699,bl,,,,,,,,,,,2.84,
702,bl,,,,,,,,,38.0,205.2,,
702,v11,,,,,,,,,48.4,111.7,,
709,bl,,,,,,,,,33.2,292.8,,
709,v21,,,,,,,,,33.7,270.4,,
711,bl,,,,,,,,,,,1.78,
712,bl,,,,,,,,,,,0.79,
717,bl,,,,,,,,,13.6,182.1,0.26,
718,bl,,,,,,,,,,,4.15,
720,bl,,,,,,,,,,,4.38,
722,bl,,,,,,,,,,,1.91,
723,bl,,,,,,,,,27.5,193.3,4.56,
723,m36,,,,,,,,,278.0,274.0,,
724,bl,,,,,,,,,56.2,153.9,2.32,
724,m24,,,,,,,,,55.8,214.3,,
725,bl,,,,,,,,,,,4.22,
726,bl,,,,,,,,,,,1.9,
729,bl,,,,,,,,,,,3.23,
730,bl,,,,,,,,,,,1.57,
731,bl,,,,,,,,,,,1.26,
731,init,,,,,,,,,71.6,378.4,,
731,y4,,,,,,,,,122.0,498.1,,
733,bl,,,,,,,,,,,4.24,
734,bl,,,,,,,,,,,2.98,
739,bl,,,,,,,,,38.4,318.1,2.44,
739,m24,,,,,,,,,49.8,390.6,,
740,bl,,,,,,,,,,,2.76,
741,bl,,,,,,,,,17.1,131.2,0.69,
741,v51,,,,,,,,,27.6,242.3,,
743,bl,,,,,,,,,,,4.18,
746,bl,,,,,,,,,,,0.37,
747,bl,,,,,,,,,,,6.49,
748,bl,,,,,,,,,,,2.5,
750,bl,,,,,,,,,,,1.81,
751,bl,,,,,,,,,19.2,196.6,4.04,
752,v11,,,,,,,,,32.0,234.7,,
753,bl,,,,,,,,,,,1.9,
754,bl,,,,,,,,,,,4.42,
759,bl,,,,,,,,,,,2.22,
760,bl,,,,,,,,,,,7.09,
761,bl,,,,,,,,,,,2.28,
767,4_init,2024-08-21,0.65,86.784,68.661,597.384,0.115,3.0,E3/E3,25.3,223.5,,0.0
767,bl,,,,,,,,,,,1.29,
768,bl,,,,,,,,,,,2.68,
769,bl,,,,,,,,,,,1.27,
777,bl,,,,,,,,,,,6.49,
778,bl,,,,,,,,,,,2.67,
778,m06,,,,,,,,,26.8,304.1,,
778,v41,,,,,,,,,50.8,445.2,,
779,bl,,,,,,,,,18.2,204.9,2.36,
783,bl,,,,,,,,,,,1.99,
784,bl,,,,,,,,,,,0.67,
786,bl,,,,,,,,,,,1.49,
786,m24,,,,,,,,,14.5,478.2,,
790,bl,,,,,,,,,,,4.13,
792,bl,,,,,,,,,,,3.06,
793,bl,,,,,,,,,,,1.13,
796,bl,,,,,,,,,,,2.83,
800,bl,,,,,,,,,,,2.99,
803,bl,,,,,,,,,,,2.65,
810,bl,,,,,,,,,,,2.63,
812,bl,,,,,,,,,,,2.22,
813,bl,,,,,,,,,,,4.55,
814,bl,,,,,,,,,,,5.64,
816,bl,,,,,,,,,,,2.94,
818,bl,,,,,,,,,,,2.18,
821,bl,,,,,,,,,23.0,289.2,3.0,
821,m18,,,,,,,,,28.2,177.2,,
824,bl,,,,,,,,,,,3.1,
828,bl,,,,,,,,,,,0.83,
829,bl,,,,,,,,,,,2.49,
829,m24,,,,,,,,,29.4,260.5,,
830,bl,,,,,,,,,23.5,260.1,,
830,v06,,,,,,,,,20.6,417.7,,
834,bl,,,,,,,,,33.0,252.4,3.86,
834,sc,,,,,,,,,47.6,301.4,,
835,bl,,,,,,,,,,,1.61,
836,bl,,,,,,,,,,,1.79,
839,bl,,,,,,,,,,,2.12,
841,bl,,,,,,,,,,,2.07,
842,bl,,,,,,,,,27.0,220.9,2.86,
843,bl,,,,,,,,,23.1,273.7,2.37,
843,v41,,,,,,,,,37.0,474.3,,
844,bl,,,,,,,,,,,2.16,
845,bl,,,,,,,,,,,2.48,
850,bl,,,,,,,,,,,4.37,
851,bl,,,,,,,,,,,3.6,
852,bl,,,,,,,,,,,3.44,
853,bl,,,,,,,,,24.7,435.3,2.9,
853,m12,,,,,,,,,23.0,312.4,,
855,bl,,,,,,,,,,,3.12,
861,bl,,,,,,,,,85.5,452.2,4.3,
861,m36,,,,,,,,,113.0,396.0,,
862,bl,,,,,,,,,,,2.55,
863,bl,,,,,,,,,,,1.1,
866,bl,,,,,,,,,,,0.76,
876,bl,,,,,,,,,,,0.3,
878,bl,,,,,,,,,,,1.58,
880,bl,,,,,,,,,40.5,267.6,3.05,
880,m12,,,,,,,,,29.1,258.9,,
883,bl,,,,,,,,,16.5,111.3,1.68,
884,bl,,,,,,,,,,,1.92,
886,bl,,,,,,,,,,,1.52,
889,bl,,,,,,,,,,,2.29,
891,bl,,,,,,,,,,,2.49,
892,bl,,,,,,,,,,,3.67,
892,m36,,,,,,,,,43.4,494.3,,
896,bl,,,,,,,,,17.0,142.8,0.54,
896,y1,,,,,,,,,46.7,280.6,,
898,bl,,,,,,,,,31.0,144.2,,
899,bl,,,,,,,,,,,5.26,
904,bl,,,,,,,,,,,0.43,
906,bl,,,,,,,,,17.6,257.3,2.76,
906,v21,,,,,,,,,47.4,447.8,,
907,bl,,,,,,,,,,,1.77,
907,v41,,,,,,,,,27.3,207.4,,
908,4_init,2024-01-10,1.436,75.437,62.768,517.23,0.121,4.0,E2/E3,32.6,313.7,,0.0
908,4_m12,2025-01-23,1.833,56.085,59.112,519.406,0.114,11.0,E2/E3,28.8,367.6,,0.0
908,bl,,,,,,,,,,,1.14,
912,bl,,,,,,,,,,,2.65,
913,bl,,,,,,,,,,,3.03,
914,bl,,,,,,,,,20.9,176.6,,
914,v41,,,,,,,,,38.6,378.6,,
915,bl,,,,,,,,,,,5.03,
916,bl,,,,,,,,,28.3,151.7,2.83,
916,m24,,,,,,,,,34.2,226.8,,
920,bl,,,,,,,,,28.6,238.9,3.25,
920,v41,,,,,,,,,40.2,216.3,,
921,bl,,,,,,,,,,,1.13,
923,bl,,,,,,,,,,,2.53,
924,bl,,,,,,,,,,,1.03,
925,bl,,,,,,,,,,,1.89,
926,bl,,,,,,,,,,,3.82,
929,bl,,,,,,,,,,,2.75,
930,bl,,,,,,,,,,,2.0,
931,bl,,,,,,,,,,,1.45,
931,m36,,,,,,,,,32.2,261.5,,
932,bl,,,,,,,,,,,5.33,
934,4_init,2024-10-08,0.65,66.986,43.316,449.953,0.096,8.0,E3/E3,30.6,411.9,,0.0
938,bl,,,,,,,,,,,2.64,
938,m24,,,,,,,,,29.7,162.7,,
941,bl,,,,,,,,,,,3.25,
950,bl,,,,,,,,,,,0.4,
951,bl,,,,,,,,,,,2.45,
954,bl,,,,,,,,,,,0.51,
955,bl,,,,,,,,,,,1.97,
956,bl,,,,,,,,,,,2.34,
957,bl,,,,,,,,,,,1.64,
961,bl,,,,,,,,,,,1.28,
963,bl,,,,,,,,,,,1.23,
967,bl,,,,,,,,,,,2.49,
969,bl,,,,,,,,,,,1.28,
969,init,,,,,,,,,27.0,198.3,,
972,bl,,,,,,,,,,,0.94,
972,m06,,,,,,,,,27.7,206.6,,
973,bl,,,,,,,,,,,2.4,
978,bl,,,,,,,,,47.4,215.5,1.08,
978,v11,,,,,,,,,48.8,232.2,,
979,bl,,,,,,,,,,,2.17,
981,bl,,,,,,,,,,,2.5,
984,bl,,,,,,,,,21.3,256.2,8.53,
985,bl,,,,,,,,,27.9,130.4,,
985,v21,,,,,,,,,89.4,191.2,,
991,bl,,,,,,,,,,,2.07,
994,bl,,,,,,,,,,,3.45,
995,bl,,,,,,,,,,,2.13,
996,bl,,,,,,,,,,,3.0,
997,bl,,,,,,,,,,,1.47,
999,bl,,,,,,,,,,,3.12,
1001,bl,,,,,,,,,,,4.16,
1002,bl,,,,,,,,,,,2.15,
1009,bl,,,,,,,,,,,1.98,
1009,m06,,,,,,,,,18.4,183.6,,
1010,bl,,,,,,,,,,,2.83,
1013,bl,,,,,,,,,,,1.9,
1016,bl,,,,,,,,,,,2.41,
1018,bl,,,,,,,,,,,2.1,
1024,bl,,,,,,,,,17.6,194.4,2.11,
1024,m24,,,,,,,,,17.7,210.0,,
1027,bl,,,,,,,,,,,1.61,
1030,bl,,,,,,,,,,,2.61,
1032,bl,,,,,,,,,31.6,218.6,,
1032,v41,,,,,,,,,69.4,275.3,,
1033,bl,,,,,,,,,,,2.71,
1034,bl,,,,,,,,,,,1.43,
1035,bl,,,,,,,,,,,1.16,
1037,bl,,,,,,,,,,,3.57,
1041,bl,,,,,,,,,,,3.34,
1043,bl,,,,,,,,,,,2.51,
1044,bl,,,,,,,,,,,1.87,
1045,bl,,,,,,,,,,,2.44,
1046,bl,,,,,,,,,,,2.03,
1051,bl,,,,,,,,,,,0.97,
1052,bl,,,,,,,,,,,2.64,
1054,bl,,,,,,,,,,,2.67,
1055,bl,,,,,,,,,,,2.59,
1056,bl,,,,,,,,,,,2.47,
1056,m24,,,,,,,,,47.7,437.4,,
1057,sc,,,,,,,,,28.9,198.9,,
1059,bl,,,,,,,,,,,1.39,
1062,bl,,,,,,,,,,,1.19,
1063,bl,,,,,,,,,,,2.72,
1063,m06,,,,,,,,,19.0,266.6,,
1070,m36,,,,,,,,,29.6,212.6,,
1073,bl,,,,,,,,,,,4.77,
1075,bl,,,,,,,,,,,1.55,
1077,bl,,,,,,,,,,,1.78,
1078,init,,,,,,,,,12.7,84.1,,
1079,bl,,,,,,,,,,,1.36,
1080,bl,,,,,,,,,29.4,252.8,,
1080,v06,,,,,,,,,30.0,238.5,,
1081,bl,,,,,,,,,,,3.73,
1082,bl,,,,,,,,,,,1.98,
1083,bl,,,,,,,,,,,0.79,
1088,bl,,,,,,,,,,,1.84,
1090,bl,,,,,,,,,,,3.0,
1090,m12,,,,,,,,,30.6,291.4,,
1095,bl,,,,,,,,,,,3.2,
1097,bl,,,,,,,,,,,2.56,
1098,bl,,,,,,,,,13.8,113.5,0.78,
1098,y2,,,,,,,,,40.7,295.5,,
1101,bl,,,,,,,,,,,2.33,
1102,bl,,,,,,,,,,,2.67,
1109,bl,,,,,,,,,,,4.3,
1113,bl,,,,,,,,,,,3.84,
1116,bl,,,,,,,,,37.5,186.4,,
1116,v11,,,,,,,,,27.8,178.9,,
1117,bl,,,,,,,,,,,2.38,
1118,bl,,,,,,,,,37.2,140.6,,
1118,v31,,,,,,,,,43.8,125.8,,
1120,bl,,,,,,,,,,,1.4,
1123,m06,,,,,,,,,16.4,189.5,,
1126,bl,,,,,,,,,,,1.26,
1126,m24,,,,,,,,,30.7,86.0,,
1130,bl,,,,,,,,,,,1.38,
1135,m24,,,,,,,,,22.3,131.2,,
1137,bl,,,,,,,,,,,3.25,
1140,bl,,,,,,,,,,,1.94,
1144,bl,,,,,,,,,,,1.88,
1148,bl,,,,,,,,,,,3.19,
1152,bl,,,,,,,,,,,0.74,
1154,bl,,,,,,,,,,,1.93,
1155,4_init,2025-06-18,0.65,41.882,-4.0,-4.0,-4.0,-4.0,E3/E3,,,,0.0
1157,bl,,,,,,,,,,,1.43,
1161,bl,,,,,,,,,,,2.54,
1164,bl,,,,,,,,,,,1.9,
1168,bl,,,,,,,,,,,3.22,
1169,bl,,,,,,,,,15.9,81.56,1.17,
1169,init,,,,,,,,,19.7,123.5,,
1169,y1,,,,,,,,,16.1,108.9,,
1170,bl,,,,,,,,,,,2.67,
1171,bl,,,,,,,,,,,0.91,
1184,bl,,,,,,,,,,,1.43,
1185,bl,,,,,,,,,,,3.4,
1185,m06,,,,,,,,,20.5,155.8,,
1187,bl,,,,,,,,,,,2.44,
1190,bl,,,,,,,,,19.5,329.4,3.3,
1192,bl,,,,,,,,,,,2.08,
1194,bl,,,,,,,,,24.4,148.4,,
1200,bl,,,,,,,,,19.1,62.67,1.73,
1201,bl,,,,,,,,,,,1.69,
1202,m06,,,,,,,,,21.7,305.5,,
1203,bl,,,,,,,,,19.9,187.8,2.09,
1203,v06,,,,,,,,,29.2,171.5,,
1205,bl,,,,,,,,,,,2.71,
1206,bl,,,,,,,,,,,2.2,
1209,bl,,,,,,,,,,,2.19,
1210,bl,,,,,,,,,,,0.49,
1213,bl,,,,,,,,,,,2.21,
1217,bl,,,,,,,,,,,1.56,
1221,bl,,,,,,,,,,,4.01,
1222,4_init,2024-01-29,0.65,66.602,-4.0,-4.0,-4.0,-4.0,E2/E3,26.4,206.7,,0.0
1224,bl,,,,,,,,,,,5.3,
1224,m36,,,,,,,,,57.9,329.4,,
1225,bl,,,,,,,,,,,0.99,
1226,bl,,,,,,,,,,,2.05,
1227,bl,,,,,,,,,,,1.23,
1241,bl,,,,,,,,,17.6,134.4,,
1246,bl,,,,,,,,,17.1,128.1,8.52,
1246,v31,,,,,,,,,15.8,82.93,,
1247,bl,,,,,,,,,,,3.76,
1248,bl,,,,,,,,,,,2.28,
1249,bl,,,,,,,,,24.4,235.9,,
1250,bl,,,,,,,,,,,4.51,
1253,bl,,,,,,,,,,,1.5,
1254,bl,,,,,,,,,,,3.26,
1257,bl,,,,,,,,,,,3.29,
1260,bl,,,,,,,,,,,1.46,
1261,bl,,,,,,,,,15.0,89.32,,
1262,bl,,,,,,,,,,,3.04,
1265,bl,,,,,,,,,,,1.99,
1268,bl,,,,,,,,,,,1.18,
1269,bl,,,,,,,,,,,1.14,
1271,bl,,,,,,,,,23.7,184.0,,
1271,v06,,,,,,,,,45.5,352.1,,
1276,bl,,,,,,,,,,,1.14,
1280,4_init,2024-11-20,1.752,47.828,46.227,500.879,0.092,30.0,E3/E4,28.5,130.5,,1.0
1281,bl,,,,,,,,,31.7,314.5,3.15,
1281,m36,,,,,,,,,26.4,259.3,,
1282,bl,,,,,,,,,31.8,436.4,,
1282,sc,,,,,,,,,33.3,581.8,,
1283,bl,,,,,,,,,,,2.09,
1285,bl,,,,,,,,,,,1.97,
1289,bl,,,,,,,,,,,4.58,
1290,bl,,,,,,,,,,,0.7,
1292,bl,,,,,,,,,,,2.07,
1293,bl,,,,,,,,,,,4.92,
1294,bl,,,,,,,,,,,2.07,
1295,bl,,,,,,,,,,,4.0,
1304,bl,,,,,,,,,,,2.11,
1304,m24,,,,,,,,,25.6,288.9,,
1306,bl,,,,,,,,,,,2.01,
1307,bl,,,,,,,,,,,3.13,
1308,bl,,,,,,,,,38.3,296.3,1.31,
1308,m24,,,,,,,,,32.7,239.3,,
1309,bl,,,,,,,,,,,1.61,
1315,bl,,,,,,,,,,,3.22,
1321,bl,,,,,,,,,,,2.56,
1330,bl,,,,,,,,,,,1.61,
1334,bl,,,,,,,,,,,5.23,
1337,bl,,,,,,,,,,,1.68,
1339,bl,,,,,,,,,,,5.23,
1341,bl,,,,,,,,,,,2.7,
1351,bl,,,,,,,,,,,10.6,
1352,bl,,,,,,,,,,,0.52,
1354,bl,,,,,,,,,,,3.11,
1357,bl,,,,,,,,,20.0,231.5,,
1368,bl,,,,,,,,,,,4.32,
1371,bl,,,,,,,,,,,3.98,
1373,bl,,,,,,,,,,,2.22,
1377,bl,,,,,,,,,,,5.75,
1379,bl,,,,,,,,,,,3.51,
1380,bl,,,,,,,,,,,5.22,
1382,bl,,,,,,,,,,,3.68,
1384,bl,,,,,,,,,19.6,274.9,,
1384,m36,,,,,,,,,27.8,398.2,,
1385,bl,,,,,,,,,,,0.12,
1391,bl,,,,,,,,,,,1.4,
1393,bl,,,,,,,,,64.8,549.6,2.92,
1393,m36,,,,,,,,,62.4,475.1,,
1394,bl,,,,,,,,,,,1.28,
1397,bl,,,,,,,,,,,8.3,
1397,m12,,,,,,,,,44.5,816.7,,
1398,bl,,,,,,,,,,,3.27,
1402,bl,,,,,,,,,,,4.45,
1409,bl,,,,,,,,,,,3.54,
1414,bl,,,,,,,,,,,1.45,
1418,y2,,,,,,,,,33.6,133.8,,
1419,bl,,,,,,,,,,,1.56,
1423,bl,,,,,,,,,,,2.77,
1425,bl,,,,,,,,,16.7,255.6,,
1425,v06,,,,,,,,,24.7,315.1,,
1427,4_init,2025-01-13,9.778,85.256,52.85,623.355,0.085,97.0,E3/E3,44.5,553.3,,0.0
1430,bl,,,,,,,,,,,2.54,
1435,bl,,,,,,,,,,,3.34,
2058,v06,,,,,,,,,107.0,253.2,,
2068,init,,,,,,,,,37.8,433.9,,
2119,bl,,,,,,,,,10.3,98.08,,
2119,init,,,,,,,,,15.0,120.0,,
2121,4_init,2024-05-29,2.802,47.362,34.295,370.599,0.093,57.0,E3/E4,21.3,314.4,,1.0
2121,4_m12,2025-05-12,4.411,56.59,38.735,412.695,0.094,76.0,E3/E4,,,,1.0
2123,4_init,2024-08-21,3.081,55.294,38.408,474.796,0.081,66.0,E3/E3,20.5,356.1,,0.0
2180,4_init,2025-03-11,1.81,58.44,40.064,469.362,0.085,31.0,E3/E3,,,,0.0
2183,v31,,,,,,,,,37.2,203.2,,
2187,y2,,,,,,,,,21.2,261.2,,
2190,bl,,,,,,,,,21.5,238.3,,
2190,v11,,,,,,,,,24.0,160.9,,
2200,v41,,,,,,,,,18.0,120.5,,
2234,4_init,2025-03-17,0.65,55.761,51.937,517.553,0.1,8.0,E2/E3,,,,0.0
2238,4_init,2025-05-01,2.263,71.474,-4.0,-4.0,-4.0,-4.0,E3/E3,,,,0.0
2239,4_init,2025-07-21,0.65,75.271,54.992,621.259,0.089,11.0,E3/E4,,,,1.0
2245,4_init,2024-06-25,3.35,86.854,48.934,578.918,0.085,41.0,E4/E4,22.3,303.0,,2.0
2245,4_m12,2025-07-01,1.47,59.656,43.051,486.392,0.089,22.0,E4/E4,,,,2.0
2301,4_init,2024-09-30,3.306,90.689,102.403,490.898,0.209,0.0,E3/E3,19.4,244.2,,0.0
2304,4_init,2025-07-17,0.65,48.39,43.792,407.315,0.108,6.0,E2/E3,,,,0.0
2336,v31,,,,,,,,,26.4,315.5,,
2374,init,,,,,,,,,43.3,144.8,,
2392,4_init,2024-08-01,4.834,111.499,50.822,612.433,0.083,49.0,E3/E3,11.2,79.5,,0.0
2392,4_m12,2025-08-19,3.232,89.512,58.411,674.331,0.087,36.0,E3/E3,,,,0.0
2394,4_init,2023-10-26,9.255,85.786,38.656,479.092,0.081,97.0,E4/E4,29.9,351.7,,2.0
2394,4_m12,2024-11-06,2.957,54.886,38.594,414.781,0.093,50.0,E4/E4,29.7,198.9,,2.0
2403,init,,,,,,,,,33.2,252.3,,
4014,v41,,,,,,,,,24.5,259.5,,
4021,4_init,2025-04-09,0.65,46.536,49.657,456.904,0.109,6.0,E3/E3,,,,0.0
4028,4_init,2024-07-09,6.932,124.527,53.686,610.432,0.088,58.0,E3/E3,42.4,278.1,,0.0
4036,4_init,2024-03-27,0.65,13.651,48.013,433.801,0.111,23.0,E3/E3,24.6,184.3,,0.0
4036,4_m12,2025-03-20,0.65,43.239,49.926,504.877,0.099,9.0,E3/E3,,,,0.0
4037,init,,,,,,,,,18.7,126.9,,
4039,v03,,,,,,,,,21.3,202.1,,
4039,v21,,,,,,,,,24.6,255.0,,
4041,v41,,,,,,,,,53.4,160.0,,
4051,4_init,2024-07-23,0.65,68.247,44.853,562.684,0.08,17.0,E3/E3,20.0,93.15,,0.0
4058,v03,,,,,,,,,42.8,379.3,,
4058,v21,,,,,,,,,20.9,236.1,,
4060,y2,,,,,,,,,58.1,323.6,,
4067,init,,,,,,,,,24.0,225.8,,
4071,v03,,,,,,,,,19.2,186.2,,
4071,v41,,,,,,,,,53.1,246.4,,
4076,4_init,2024-05-01,5.42,71.193,54.269,608.64,0.089,79.0,E3/E3,26.2,287.5,,0.0
4081,4_m12,2025-07-21,3.639,50.26,48.475,547.701,0.089,76.0,E3/E4,,,,1.0
4084,4_init,2025-01-14,1.534,99.705,84.985,724.697,0.117,4.0,E3/E3,16.2,242.2,,0.0
4090,init,,,,,,,,,21.9,155.6,,
4092,v03,,,,,,,,,35.2,317.2,,
4100,v05,,,,,,,,,26.6,197.6,,
4105,4_init,2025-05-27,1.412,67.76,57.468,585.746,0.098,13.0,E3/E3,,,,0.0
4115,4_init,2024-01-24,2.518,91.386,32.726,363.028,0.09,23.0,E3/E3,31.1,416.3,,0.0
4115,4_m12,2025-01-14,2.364,70.843,47.336,549.556,0.086,33.0,E3/E3,21.7,284.3,,0.0
4121,v05,,,,,,,,,14.8,86.1,,
4127,4_init,2024-08-23,0.65,48.655,44.126,477.32,0.092,12.0,E3/E3,,,,0.0
4131,v11,,,,,,,,,51.8,230.4,,
4136,v31,,,,,,,,,35.0,289.4,,
4138,v41,,,,,,,,,28.3,135.3,,
4149,init,,,,,,,,,34.5,239.2,,
4158,v03,,,,,,,,,59.9,191.8,,
4158,v41,,,,,,,,,91.4,253.2,,
4160,y1,,,,,,,,,26.8,179.3,,
4162,v51,,,,,,,,,32.9,370.4,,
4164,4_init,2023-12-04,0.65,41.902,49.123,477.835,0.103,8.0,E3/E3,20.4,109.6,,0.0
4168,4_m12,2025-04-18,4.03,85.004,76.398,671.067,0.114,20.0,E3/E4,,,,1.0
4170,4_init,2024-10-21,10.34,128.013,59.345,624.883,0.095,78.0,E2/E4,45.1,368.5,,1.0
4175,init,,,,,,,,,187.0,435.8,,
4175,v03,,,,,,,,,23.6,165.8,,
4175,y1,,,,,,,,,64.8,496.7,,
4179,v05,,,,,,,,,17.4,133.5,,
4179,y2,,,,,,,,,30.7,245.6,,
4184,4_init,2025-07-31,1.364,54.919,29.799,401.827,0.074,37.0,E3/E3,,,,0.0
4198,init,,,,,,,,,20.5,255.5,,
4198,v03,,,,,,,,,15.2,190.5,,
4200,4_init,2024-09-11,0.65,48.342,51.071,565.96,0.09,13.0,E2/E3,19.2,92.63,,0.0
4212,4_init,2025-07-31,-4.0,-4.0,40.703,452.514,0.09,-4.0,E2/E3,,,,0.0
4213,4_init,2024-11-25,1.642,55.218,44.496,466.752,0.095,21.0,E3/E3,14.6,142.5,,0.0
4214,4_init,2024-08-28,2.23,56.602,52.463,540.172,0.097,28.0,E3/E3,21.5,222.1,,0.0
4218,v03,,,,,,,,,20.7,230.0,,
4223,v03,,,,,,,,,32.3,324.3,,
4223,v11,,,,,,,,,34.0,320.6,,
4225,v03,,,,,,,,,16.6,218.4,,
4240,v03,,,,,,,,,23.4,210.0,,
4240,v31,,,,,,,,,37.4,304.1,,
4243,v21,,,,,,,,,42.5,285.2,,
4254,v03,,,,,,,,,27.9,247.2,,
4262,v05,,,,,,,,,29.0,493.5,,
4263,v03,,,,,,,,,15.5,164.4,,
4263,v31,,,,,,,,,12.4,82.77,,
4270,v05,,,,,,,,,15.6,97.4,,
4272,4_init,2024-02-05,6.569,84.894,37.544,396.895,0.095,75.0,E3/E3,27.7,364.7,,0.0
4272,4_m12,2025-02-06,3.544,72.659,57.047,620.945,0.092,45.0,E3/E3,24.1,188.7,,0.0
4275,4_init,2024-10-31,0.65,39.734,60.497,536.847,0.113,5.0,E3/E3,17.4,203.1,,0.0
4275,v05,,,,,,,,,9.9,119.7,,
4277,v05,,,,,,,,,11.6,127.0,,
4278,v11,,,,,,,,,14.2,126.2,,
4279,v21,,,,,,,,,31.9,138.6,,
4282,v21,,,,,,,,,51.8,312.7,,
4288,4_init,2024-09-26,2.17,43.414,41.972,493.632,0.085,55.0,E3/E3,12.1,147.8,,0.0
4290,v05,,,,,,,,,27.6,196.1,,
4307,v11,,,,,,,,,64.9,304.8,,
4324,y2,,,,,,,,,23.1,427.0,,
4327,v21,,,,,,,,,36.0,483.9,,
4335,init,,,,,,,,,42.2,358.8,,
4337,v05,,,,,,,,,23.7,163.0,,
4340,4_init,2025-04-28,0.65,47.1,50.07,442.134,0.113,5.0,E3/E3,,,,0.0
4349,4_init,2024-09-16,7.115,88.355,61.022,739.661,0.082,87.0,E3/E3,41.8,416.8,,0.0
4350,4_init,2024-12-13,1.929,81.939,46.784,554.58,0.084,25.0,E3/E3,14.5,139.8,,0.0
4351,4_init,2024-09-17,7.713,42.415,37.785,436.82,0.087,100.0,E3/E4,19.5,238.6,,1.0
4356,4_init,2024-10-21,0.65,41.478,43.07,448.34,0.096,11.0,E3/E3,18.0,73.21,,0.0
4365,v05,,,,,,,,,17.1,66.76,,
4366,v03,,,,,,,,,32.2,211.0,,
4366,v11,,,,,,,,,31.4,169.9,,
4373,v05,,,,,,,,,29.0,216.9,,
4380,4_init,2025-01-27,0.65,50.838,56.407,518.723,0.109,5.0,E2/E3,28.0,108.3,,0.0
4385,v03,,,,,,,,,11.8,133.1,,
4387,4_init,2023-12-13,1.495,61.619,46.643,491.319,0.095,17.0,E3/E4,17.6,320.3,,1.0
4393,4_init,2024-10-08,1.883,40.695,40.442,419.824,0.096,36.0,E3/E3,,,,0.0
4393,4_m12,,,,,,,,,21.2,393.0,,
4396,init,,,,,,,,,27.5,237.3,,
4400,4_init,2025-02-25,5.774,41.456,39.959,435.885,0.092,99.0,E3/E4,,,,1.0
4400,v03,,,,,,,,,23.0,266.4,,
4401,4_init,,,,,,,,,20.2,376.0,,
4415,init,,,,,,,,,27.8,484.1,,
4422,v05,,,,,,,,,25.4,141.4,,
4424,init,,,,,,,,,23.2,107.7,,
4427,y2,,,,,,,,,12.7,54.1,,
4428,4_m12,2025-03-03,2.615,39.858,39.32,411.625,0.096,61.0,E3/E3,25.3,172.9,,0.0
4429,4_init,2024-06-17,0.65,53.759,92.143,1072.476,0.086,15.0,E3/E3,24.0,154.4,,0.0
4430,y1,,,,,,,,,112.0,735.1,,
4431,init,,,,,,,,,61.8,197.3,,
4441,4_init,2024-04-23,1.714,37.82,40.825,417.811,0.098,34.0,E3/E3,12.3,140.9,,0.0
4448,4_init,2023-11-09,0.65,54.145,57.109,623.933,0.092,11.0,E3/E3,18.2,84.02,,0.0
4464,4_init,2024-10-07,2.693,50.955,39.061,464.757,0.084,59.0,E3/E4,17.3,205.7,,1.0
4469,4_init,2024-04-03,0.65,43.926,44.366,496.684,0.089,14.0,E3/E4,22.0,128.1,,1.0
4474,v03,,,,,,,,,28.3,388.2,,
4474,v05,,,,,,,,,46.3,608.7,,
4488,4_init,2024-09-10,1.598,56.224,81.697,830.445,0.098,17.0,E3/E3,20.9,130.9,,0.0
4489,4_init,2024-05-29,2.375,69.501,43.541,464.383,0.094,26.0,E3/E3,74.0,298.8,,0.0
4489,4_m12,2025-06-02,2.854,79.6,41.868,505.806,0.083,40.0,E3/E3,,,,0.0
4499,v03,,,,,,,,,22.9,81.5,,
4500,v03,,,,,,,,,27.9,315.3,,
4500,v21,,,,,,,,,48.4,429.9,,
4505,v03,,,,,,,,,13.0,323.0,,
4505,v41,,,,,,,,,45.5,128.8,,
4506,init,,,,,,,,,21.6,93.8,,
4512,v03,,,,,,,,,5.7,75.6,,
4514,4_init,2024-06-11,0.65,63.665,46.483,562.198,0.083,15.0,E3/E4,25.5,204.0,,1.0
4514,4_m12,2025-06-09,0.65,54.269,52.219,508.777,0.103,7.0,E3/E4,,,,1.0
4526,v03,,,,,,,,,23.9,144.4,,
4526,v21,,,,,,,,,31.2,221.0,,
4546,v03,,,,,,,,,16.6,238.6,,
4546,v05,,,,,,,,,18.0,244.4,,
4556,4_init,2024-01-24,0.65,49.627,43.05,470.431,0.092,12.0,E3/E3,19.2,198.8,,0.0
4566,v03,,,,,,,,,16.8,321.4,,
4568,v21,,,,,,,,,17.5,229.8,,
4576,4_init,2024-04-19,3.792,88.986,52.238,620.947,0.084,47.0,E3/E3,107.0,353.8,,0.0
4576,4_m12,2025-05-06,3.956,93.796,53.755,567.475,0.095,34.0,E3/E3,,,,0.0
4577,v03,,,,,,,,,21.9,264.5,,
4579,v03,,,,,,,,,28.5,149.5,,
4579,v21,,,,,,,,,28.4,195.6,,
4580,4_init,2025-06-16,5.083,56.977,54.518,596.247,0.091,87.0,E4/E4,,,,2.0
4585,4_init,2024-09-09,0.65,79.596,47.565,461.361,0.103,6.0,E3/E4,12.8,112.5,,1.0
4595,v31,,,,,,,,,18.4,72.0,,
4598,4_init,2024-09-17,2.19,88.546,49.154,581.12,0.085,26.0,E3/E3,18.3,113.7,,0.0
4604,4_init,2025-02-05,1.735,41.931,46.165,500.23,0.092,35.0,E3/E4,19.3,263.9,,1.0
4607,4_init,2024-09-05,0.65,40.802,57.752,477.72,0.121,4.0,E3/E4,13.7,124.6,,1.0
4607,4_m12,2025-04-28,0.65,48.152,47.42,384.182,0.123,3.0,E3/E4,,,,1.0
4615,v03,,,,,,,,,17.6,182.6,,
4615,v11,,,,,,,,,15.1,152.3,,
4625,v21,,,,,,,,,24.4,307.3,,
4631,4_init,2025-01-09,10.512,85.359,60.498,569.194,0.106,95.0,E3/E3,19.9,255.6,,0.0
4637,4_init,2023-10-02,17.348,99.522,40.781,408.632,0.1,100.0,E3/E3,33.2,464.0,,0.0
4637,4_m12,2024-10-08,8.342,75.392,47.414,469.885,0.101,92.0,E3/E3,26.9,195.3,,0.0
4637,v05,,,,,,,,,16.4,147.0,,
4638,v03,,,,,,,,,32.6,114.6,,
4644,4_init,2024-09-26,0.65,55.331,38.576,418.624,0.092,11.0,E3/E4,12.7,134.1,,1.0
4649,4_init,2024-11-18,0.65,47.758,47.063,453.823,0.104,7.0,E3/E3,16.3,250.8,,0.0
4652,v03,,,,,,,,,22.9,225.3,,
4659,init,,,,,,,,,24.9,246.8,,
4675,v03,,,,,,,,,35.8,223.0,,
4675,v41,,,,,,,,,36.5,238.0,,
4706,4_init,2025-02-20,3.181,55.379,46.895,407.754,0.115,29.0,E3/E4,51.2,1291.0,,1.0
4707,v11,,,,,,,,,22.2,175.2,,
4713,4_init,2024-02-06,2.784,39.872,42.408,432.799,0.098,64.0,E3/E4,21.6,389.2,,1.0
4713,4_m12,2025-01-14,0.65,33.444,40.506,467.472,0.087,19.0,E3/E4,11.3,168.1,,1.0
4721,init,,,,,,,,,41.2,223.5,,
4722,4_init,2024-04-24,0.65,31.624,43.205,389.861,0.111,7.0,E3/E3,10.5,112.0,,0.0
4722,4_m12,2025-04-28,0.65,41.357,44.956,414.059,0.109,6.0,E3/E3,,,,0.0
4723,4_init,2024-04-24,0.65,53.259,44.798,424.279,0.106,6.0,E3/E3,15.9,213.5,,0.0
4723,4_m12,2025-04-28,0.65,52.911,46.669,437.095,0.107,6.0,E3/E3,,,,0.0
4728,v11,,,,,,,,,39.1,237.5,,
4742,4_init,2024-10-17,0.65,51.016,48.272,447.411,0.108,6.0,E3/E3,23.6,180.4,,0.0
4744,init,,,,,,,,,18.9,123.8,,
4765,v03,,,,,,,,,27.0,98.83,,
4770,v03,,,,,,,,,21.4,93.76,,
4770,v11,,,,,,,,,22.0,112.2,,
4785,4_init,2024-11-18,0.65,86.192,64.249,604.543,0.106,5.0,E3/E3,16.5,180.3,,0.0
4785,v03,,,,,,,,,13.6,100.1,,
4795,4_init,2025-01-15,0.65,34.72,42.86,406.029,0.106,8.0,E3/E3,9.52,88.78,,0.0
4796,v03,,,,,,,,,16.6,220.9,,
4796,v31,,,,,,,,,30.2,244.4,,
4802,v03,,,,,,,,,26.1,141.6,,
4802,v11,,,,,,,,,22.8,159.5,,
4805,v21,,,,,,,,,36.2,175.9,,
4809,v41,,,,,,,,,29.6,195.6,,
4813,4_init,2025-07-15,0.65,53.951,41.026,468.644,0.088,14.0,E3/E3,,,,0.0
4815,v41,,,,,,,,,17.8,306.4,,
4827,init,,,,,,,,,26.9,266.0,,
4827,v03,,,,,,,,,13.1,145.3,,
4827,y1,,,,,,,,,27.1,234.0,,
4845,v11,,,,,,,,,25.7,366.5,,
4855,v11,,,,,,,,,32.5,148.9,,
4856,4_init,2024-10-02,0.65,58.878,59.066,548.382,0.108,5.0,E2/E3,17.0,185.6,,0.0
4856,init,,,,,,,,,18.2,283.6,,
4868,v03,,,,,,,,,32.0,257.9,,
4868,y1,,,,,,,,,30.8,329.4,,
4869,y4,,,,,,,,,23.0,109.0,,
4872,4_init,2024-11-07,0.65,42.127,39.254,420.754,0.093,12.0,E3/E4,14.1,196.8,,1.0
4876,init,,,,,,,,,27.8,179.1,,
4889,4_init,2024-07-23,2.897,111.29,37.178,514.81,0.072,40.0,E3/E3,38.0,353.6,,0.0
4889,4_m12,2025-07-28,2.399,94.749,60.191,653.944,0.092,20.0,E3/E3,,,,0.0
4889,v41,,,,,,,,,29.4,178.4,,
4891,4_init,2024-08-13,11.024,102.997,42.8,461.683,0.093,94.0,E4/E4,32.6,254.0,,2.0
4892,v03,,,,,,,,,20.2,164.9,,
4892,v11,,,,,,,,,19.9,158.0,,
4894,v11,,,,,,,,,16.7,202.5,,
4896,4_init,2024-09-25,0.65,56.966,55.62,530.892,0.105,6.0,E3/E4,18.5,127.3,,1.0
4900,4_init,2024-02-07,0.65,32.779,42.111,437.956,0.096,13.0,E3/E3,14.7,87.78,,0.0
4910,v03,,,,,,,,,33.0,290.3,,
4910,v11,,,,,,,,,30.0,251.9,,
4911,v11,,,,,,,,,12.4,94.8,,
4919,4_m12,2025-07-22,1.381,72.545,54.315,578.356,0.094,14.0,E3/E3,,,,0.0
4921,v03,,,,,,,,,7.76,117.3,,
4921,v11,,,,,,,,,9.05,124.4,,
4926,4_init,2024-06-04,1.372,70.895,59.455,603.29,0.099,12.0,E3/E4,25.5,169.4,,1.0
4926,4_m12,2025-06-30,1.452,88.146,68.995,651.428,0.106,7.0,E3/E4,,,,1.0
4926,v31,,,,,,,,,14.6,57.5,,
4936,v03,,,,,,,,,14.3,67.74,,
4936,v31,,,,,,,,,18.3,94.58,,
4938,v03,,,,,,,,,16.4,98.31,,
4938,v11,,,,,,,,,23.5,117.1,,
4940,v11,,,,,,,,,18.8,181.2,,
4944,4_init,2024-07-24,4.984,117.072,56.541,609.475,0.093,36.0,E3/E4,44.6,285.6,,1.0
4944,4_m12,2025-07-08,0.65,82.889,-4.0,-4.0,-4.0,-4.0,E3/E4,,,,1.0
4962,v03,,,,,,,,,35.3,350.2,,
4962,v11,,,,,,,,,35.9,326.5,,
5017,v03,,,,,,,,,42.1,171.4,,
5017,v11,,,,,,,,,50.4,251.1,,
5029,v03,,,,,,,,,19.0,257.5,,
5029,v11,,,,,,,,,25.6,289.2,,
5038,v11,,,,,,,,,30.7,161.5,,
5040,4_init,2024-04-17,0.65,46.024,44.829,412.206,0.109,6.0,E3/E3,21.9,147.4,,0.0
5054,v11,,,,,,,,,19.4,104.5,,
5057,init,,,,,,,,,30.2,99.1,,
5058,v03,,,,,,,,,18.9,311.2,,
5058,v11,,,,,,,,,18.4,218.4,,
5075,4_init,2024-07-18,3.385,74.574,59.539,599.608,0.099,32.0,E3/E3,31.1,161.8,,0.0
5075,4_m12,2025-07-29,2.189,76.929,54.955,601.441,0.091,23.0,E3/E3,,,,0.0
5079,init,,,,,,,,,36.0,164.2,,
5079,v03,,,,,,,,,28.3,113.5,,
5083,4_init,2024-06-03,1.83,42.195,36.376,370.192,0.098,31.0,E4/E4,22.0,295.2,,2.0
5087,v03,,,,,,,,,14.7,196.1,,
5087,v11,,,,,,,,,20.2,298.3,,
5091,4_init,2023-12-07,2.009,66.42,48.714,541.349,0.09,26.0,E3/E3,17.0,109.8,,0.0
5093,4_init,2024-05-22,0.65,44.188,42.335,575.658,0.074,26.0,E3/E3,15.5,168.4,,0.0
5096,v03,,,,,,,,,19.7,143.5,,
5096,v21,,,,,,,,,31.2,329.3,,
5100,4_init,2024-03-06,0.65,52.808,44.27,423.058,0.105,6.0,E3/E3,30.0,499.2,,0.0
5106,v05,,,,,,,,,35.2,295.3,,
5109,4_init,2024-06-13,5.547,88.284,46.457,628.5,0.074,80.0,E3/E3,70.6,490.7,,0.0
5113,4_init,2024-07-17,0.65,36.372,39.659,399.189,0.099,11.0,E3/E3,14.2,134.4,,0.0
5121,v03,,,,,,,,,17.9,73.8,,
5126,4_init,2024-11-06,2.25,51.214,44.15,467.815,0.094,36.0,E3/E3,18.2,156.8,,0.0
5127,v21,,,,,,,,,15.1,195.3,,
5130,v05,,,,,,,,,18.0,90.4,,
5132,4_init,2025-04-30,4.112,67.817,54.619,573.886,0.095,56.0,E2/E3,,,,0.0
5132,v03,,,,,,,,,14.0,64.2,,
5140,4_init,2025-02-14,1.857,51.922,39.688,528.326,0.075,49.0,E3/E3,14.5,131.0,,0.0
5141,y4,,,,,,,,,15.6,82.4,,
5154,4_init,2024-04-18,3.296,80.649,49.701,552.839,0.09,37.0,E3/E4,21.8,330.2,,1.0
5154,init,,,,,,,,,19.8,127.0,,
5166,v03,,,,,,,,,27.1,129.2,,
5167,4_init,2024-05-06,0.65,54.073,39.341,471.593,0.083,16.0,E2/E3,14.2,196.7,,0.0
5169,4_init,2024-06-27,4.999,93.55,51.97,607.279,0.086,58.0,E3/E4,12.3,477.7,,1.0
5170,4_init,2024-06-11,0.65,53.371,50.158,440.897,0.114,4.0,E3/E3,14.3,117.6,,0.0
5175,4_init,2024-09-12,3.931,148.837,108.247,871.801,0.124,5.0,E3/E3,62.3,229.8,,0.0
5178,4_init,2025-01-07,2.057,55.74,35.002,381.346,0.092,31.0,E2/E3,25.5,166.5,,0.0
5198,4_init,2023-12-13,4.091,50.172,39.396,503.068,0.078,89.0,E3/E4,13.1,288.6,,1.0
5200,4_init,2025-04-07,1.869,69.389,82.558,745.988,0.111,10.0,E2/E3,,,,0.0
5202,v31,,,,,,,,,21.2,202.9,,
5203,4_init,2025-04-24,2.455,83.145,55.208,511.201,0.108,12.0,E3/E3,,,,0.0
5207,v03,,,,,,,,,17.1,71.4,,
5218,v03,,,,,,,,,89.0,355.0,,
5218,v05,,,,,,,,,91.0,294.8,,
5219,4_init,2024-07-25,3.063,74.239,43.563,508.773,0.086,43.0,E3/E4,20.8,194.5,,1.0
5219,v05,,,,,,,,,11.3,68.7,,
5222,4_init,2024-11-06,0.65,88.984,43.584,447.353,0.097,7.0,E2/E3,14.6,77.92,,0.0
5227,v03,,,,,,,,,17.4,225.3,,
5234,init,,,,,,,,,35.1,353.7,,
5234,v03,,,,,,,,,18.4,165.3,,
5234,y1,,,,,,,,,34.7,304.2,,
5237,v05,,,,,,,,,28.2,155.6,,
5242,v21,,,,,,,,,17.0,65.0,,
5243,4_init,2024-10-29,0.65,50.244,44.75,428.494,0.104,7.0,E3/E4,14.9,117.7,,1.0
5253,4_init,2024-12-17,0.65,45.067,41.737,428.102,0.097,10.0,E3/E4,12.8,124.9,,1.0
5253,v03,,,,,,,,,9.7,61.4,,
5258,v05,,,,,,,,,28.7,431.4,,
5263,v05,,,,,,,,,30.2,262.1,,
5265,v05,,,,,,,,,13.5,184.8,,
5269,4_init,2025-07-23,0.65,52.663,49.284,556.69,0.089,13.0,E3/E4,,,,1.0
5269,v21,,,,,,,,,19.9,100.9,,
5273,v03,,,,,,,,,24.2,107.6,,
5273,v31,,,,,,,,,28.3,130.3,,
5277,v05,,,,,,,,,16.9,143.1,,
5278,init,,,,,,,,,23.3,176.3,,
5282,y1,,,,,,,,,22.2,195.5,,
5285,v03,,,,,,,,,19.5,103.8,,
5292,4_init,2024-09-03,15.433,55.595,35.93,413.998,0.087,100.0,E3/E3,30.3,301.1,,0.0
5294,v03,,,,,,,,,12.7,88.7,,
5296,4_init,2025-05-21,1.875,44.015,46.879,430.895,0.109,20.0,E3/E3,,,,0.0
6001,bl,,,,,,,,,27.5,175.4,,
6001,y4,,,,,,,,,53.5,305.8,,
6002,bl,,,,,,,,,18.5,31.6,,
6005,4_init,2025-03-20,3.428,68.002,49.624,496.167,0.1,37.0,E3/E4,,,,1.0
6005,bl,,,,,,,,,9.8,181.3,,
6007,4_init,2024-11-01,1.658,57.539,44.012,410.301,0.107,12.0,E4/E4,14.6,208.0,,2.0
6007,y1,,,,,,,,,21.1,186.0,,
6008,y2,,,,,,,,,11.3,279.5,,
6009,bl,,,,,,,,,12.2,100.8,,
6013,y1,,,,,,,,,36.7,192.9,,
6014,4_init,2024-04-02,0.65,30.965,37.807,383.79,0.099,13.0,E3/E3,6.74,47.8,,0.0
6014,bl,,,,,,,,,8.6,59.3,,
6015,4_init,2024-09-11,2.708,49.353,40.458,488.983,0.083,63.0,E3/E3,14.0,153.2,,0.0
6015,bl,,,,,,,,,34.4,304.4,,
6016,4_init,2024-12-11,0.65,43.053,23.405,234.14,0.1,9.0,E3/E3,15.8,318.8,,0.0
6019,bl,,,,,,,,,21.9,180.4,,
6024,y2,,,,,,,,,27.3,150.0,,
6025,4_init,2024-12-03,3.682,51.507,38.686,418.843,0.092,71.0,E3/E3,22.9,224.0,,0.0
6030,bl,,,,,,,,,12.7,43.5,,
6033,bl,,,,,,,,,11.2,105.2,,
6034,y4,,,,,,,,,24.0,162.0,,
6037,bl,,,,,,,,,7.0,39.9,,
6038,4_init,2025-06-11,1.468,49.718,61.266,560.29,0.109,11.0,E3/E3,,,,0.0
6039,y2,,,,,,,,,26.8,105.8,,
6041,bl,,,,,,,,,10.2,60.9,,
6043,bl,,,,,,,,,23.6,195.8,,
6044,bl,,,,,,,,,26.5,209.3,,
6045,bl,,,,,,,,,23.6,128.6,,
6046,4_init,2024-06-17,0.65,61.066,46.788,387.435,0.121,3.0,E3/E3,20.3,226.2,,0.0
6046,bl,,,,,,,,,20.0,130.9,,
6047,y1,,,,,,,,,28.9,184.2,,
6049,bl,,,,,,,,,35.7,263.0,,
6051,4_init,2024-06-12,0.65,69.491,45.474,453.743,0.1,7.0,E3/E3,12.2,82.95,,0.0
6051,y2,,,,,,,,,10.4,69.6,,
6052,bl,,,,,,,,,39.7,276.2,,
6053,4_init,2025-01-15,0.65,47.164,44.992,460.272,0.098,9.0,E2/E3,13.4,83.65,,0.0
6054,4_init,2024-03-20,0.65,51.226,48.082,527.714,0.091,12.0,E3/E3,24.9,344.0,,0.0
6054,bl,,,,,,,,,40.9,415.8,,
6056,4_init,2024-08-26,1.563,65.405,49.235,459.914,0.107,10.0,E3/E3,17.8,130.9,,0.0
6056,4_m12,2025-08-28,0.65,52.484,54.271,564.39,0.096,9.0,E3/E3,,,,0.0
6057,bl,,,,,,,,,32.8,170.3,,
6058,4_m24,2025-07-22,0.65,30.743,44.28,395.617,0.112,7.0,E3/E3,,,,0.0
6058,bl,,,,,,,,,28.7,69.5,,
6059,bl,,,,,,,,,19.6,88.0,,
6061,bl,,,,,,,,,18.3,195.6,,
6062,bl,,,,,,,,,14.9,164.3,,
6063,4_init,2024-10-01,2.476,50.968,46.407,460.779,0.101,34.0,E3/E4,17.9,408.5,,1.0
6063,y4,,,,,,,,,17.8,295.6,,
6065,bl,,,,,,,,,50.6,289.9,,
6067,bl,,,,,,,,,15.2,78.7,,
6068,bl,,,,,,,,,15.8,128.0,,
6069,4_init,2024-10-17,3.255,43.738,40.534,415.61,0.098,69.0,E3/E4,22.7,405.8,,1.0
6069,4_m12,2025-04-22,0.65,37.421,39.522,397.577,0.099,10.0,E3/E4,,,,1.0
6069,y4,,,,,,,,,32.8,379.8,,
6072,bl,,,,,,,,,38.4,211.3,,
6073,y2,,,,,,,,,27.4,257.4,,
6075,bl,,,,,,,,,19.6,96.9,,
6076,y2,,,,,,,,,7.0,81.6,,
6080,4_init,2023-11-13,5.126,-4.0,-4.0,-4.0,-4.0,-4.0,E2/E3,77.9,510.1,,0.0
6080,4_m12,2024-11-14,3.521,128.994,93.051,896.342,0.104,13.0,E2/E3,62.8,457.9,,0.0
6080,bl,,,,,,,,,50.9,252.2,,
6083,4_init,2025-07-15,0.65,45.143,40.262,447.393,0.09,13.0,E3/E3,,,,0.0
6083,bl,,,,,,,,,30.3,81.7,,
6084,bl,,,,,,,,,33.8,220.4,,
6085,bl,,,,,,,,,10.9,79.8,,
6088,bl,,,,,,,,,19.6,97.4,,
6094,4_init,2024-03-04,0.65,54.605,46.481,404.569,0.115,4.0,E3/E3,18.4,190.1,,0.0
6094,y4,,,,,,,,,16.4,149.5,,
6097,4_init,2024-11-04,1.348,40.518,46.202,460.06,0.1,20.0,E3/E4,13.4,132.9,,1.0
6097,bl,,,,,,,,,21.1,120.9,,
6100,y2,,,,,,,,,73.5,327.3,,
6103,4_init,2025-04-04,2.922,47.956,47.597,463.193,0.103,47.0,E3/E3,,,,0.0
6103,bl,,,,,,,,,15.8,100.2,,
6104,y1,,,,,,,,,14.3,107.1,,
6105,bl,,,,,,,,,29.7,171.8,,
6110,y1,,,,,,,,,10.2,118.0,,
6111,4_init,2024-10-28,0.65,52.125,55.976,536.312,0.104,7.0,E3/E3,17.8,203.0,,0.0
6111,bl,,,,,,,,,12.9,124.5,,
6113,4_init,2024-10-08,0.65,57.248,47.583,443.889,0.107,5.0,E2/E3,16.8,195.2,,0.0
6113,y4,,,,,,,,,15.2,96.8,,
6115,4_init,2024-06-12,1.726,58.484,43.144,481.397,0.09,25.0,E3/E4,19.9,685.3,,1.0
6115,bl,,,,,,,,,9.6,71.0,,
6116,4_init,2024-05-21,0.65,44.826,37.833,356.578,0.106,7.0,E3/E3,15.3,137.9,,0.0
6116,4_m12,2025-05-27,0.65,50.296,41.522,388.61,0.107,6.0,E3/E3,,,,0.0
6116,y1,,,,,,,,,12.5,94.3,,
6117,4_init,2025-08-20,1.776,54.571,32.304,296.348,0.109,13.0,E3/E4,,,,1.0
6117,y4,,,,,,,,,25.6,164.0,,
6118,4_init,2024-12-11,0.65,40.692,46.073,404.664,0.114,5.0,E3/E3,14.6,278.0,,0.0
6118,y4,,,,,,,,,16.2,253.5,,
6120,bl,,,,,,,,,13.8,62.1,,
6125,4_init,2024-06-12,0.65,41.353,32.954,317.617,0.104,8.0,E3/E4,11.7,150.2,,1.0
6125,bl,,,,,,,,,14.1,194.9,,
6133,4_init,2024-01-03,5.013,61.12,48.484,571.471,0.085,86.0,E3/E4,14.0,330.2,,1.0
6133,4_m12,2025-01-15,3.641,49.456,47.9,510.563,0.094,72.0,E3/E4,14.4,284.2,,1.0
6133,y4,,,,,,,,,13.9,208.3,,
6134,bl,,,,,,,,,12.9,150.0,,
6136,4_init,2024-10-21,0.65,33.832,34.559,353.247,0.098,12.0,E3/E4,9.48,88.28,,1.0
6136,bl,,,,,,,,,9.4,57.9,,
6138,4_init,2025-06-26,0.65,43.708,49.653,424.119,0.117,4.0,E3/E3,,,,0.0
6138,bl,,,,,,,,,16.9,127.0,,
6141,y1,,,,,,,,,22.5,118.8,,
6142,bl,,,,,,,,,31.1,418.5,,
6143,bl,,,,,,,,,14.7,84.4,,
6144,4_init,2025-07-29,0.65,45.503,41.576,532.505,0.078,22.0,E3/E3,,,,0.0
6144,bl,,,,,,,,,20.9,312.9,,
6145,4_init,2023-11-28,0.65,71.839,59.623,458.284,0.13,2.0,E3/E3,21.0,209.9,,0.0
6145,bl,,,,,,,,,15.4,125.7,,
6146,4_init,2024-01-24,0.65,82.907,55.192,565.103,0.098,7.0,E3/E3,14.7,166.7,,0.0
6146,4_m12,2025-01-22,0.65,67.382,52.865,544.686,0.097,8.0,E3/E3,16.1,161.9,,0.0
6147,4_init,2025-02-17,1.854,48.956,41.027,468.299,0.088,37.0,E3/E3,29.9,85.92,,0.0
6147,4_init,2025-02-17,1.854,48.956,41.027,468.299,0.088,37.0,E3/E3,,,,0.0
6147,4_init,2025-03-26,0.65,44.636,43.144,465.439,0.093,12.0,E3/E3,29.9,85.92,,0.0
6147,4_init,2025-03-26,0.65,44.636,43.144,465.439,0.093,12.0,E3/E3,,,,0.0
6147,bl,,,,,,,,,10.1,116.5,,
6148,bl,,,,,,,,,19.8,251.6,,
6151,bl,,,,,,,,,11.7,94.4,,
6157,bl,,,,,,,,,16.6,91.5,,
6158,bl,,,,,,,,,10.1,70.4,,
6159,bl,,,,,,,,,15.4,158.2,,
6161,bl,,,,,,,,,18.4,86.6,,
6163,bl,,,,,,,,,10.6,56.2,,
6164,4_init,2024-01-31,0.65,45.848,18.937,132.251,0.143,1.0,E3/E3,19.9,281.9,,0.0
6164,bl,,,,,,,,,19.4,194.1,,
6168,4_init,2025-07-14,1.399,59.16,38.278,389.471,0.098,14.0,E3/E3,,,,0.0
6168,bl,,,,,,,,,17.7,112.5,,
6170,bl,,,,,,,,,11.1,154.6,,
6173,bl,,,,,,,,,25.0,292.4,,
6173,y4,,,,,,,,,29.6,294.0,,
6175,4_init,2024-09-17,3.957,52.94,47.606,527.374,0.09,77.0,E3/E4,14.3,280.2,,1.0
6175,y4,,,,,,,,,17.8,286.3,,
6178,4_init,2024-11-12,14.948,81.688,34.656,458.157,0.076,100.0,E3/E4,23.9,413.4,,1.0
6178,y1,,,,,,,,,22.3,365.4,,
6179,bl,,,,,,,,,28.2,148.0,,
6180,bl,,,,,,,,,29.2,149.2,,
6183,4_init,2024-08-29,1.812,59.681,38.846,412.65,0.094,22.0,E3/E3,18.6,220.2,,0.0
6183,y4,,,,,,,,,22.8,201.3,,
6184,bl,,,,,,,,,15.1,136.0,,
6185,4_init,2025-07-16,0.65,67.303,43.404,505.681,0.086,13.0,E3/E3,,,,0.0
6185,y1,,,,,,,,,34.3,98.4,,
6186,bl,,,,,,,,,38.0,225.2,,
6187,y1,,,,,,,,,13.4,86.9,,
6188,bl,,,,,,,,,22.2,181.4,,
6189,4_init,2024-08-22,0.65,43.059,48.107,448.318,0.107,6.0,E3/E3,9.47,92.66,,0.0
6189,bl,,,,,,,,,9.1,61.4,,
6192,y4,,,,,,,,,32.0,130.1,,
6197,bl,,,,,,,,,14.7,125.5,,
6199,bl,,,,,,,,,23.0,223.9,,
6200,4_init,2024-02-12,0.65,50.297,37.787,425.702,0.089,13.0,E2/E3,14.2,84.55,,0.0
6202,4_init,2025-03-27,1.45,48.603,57.26,477.766,0.12,7.0,E3/E3,,,,0.0
6202,y4,,,,,,,,,10.4,106.4,,
6203,4_init,2025-05-06,0.65,55.449,42.223,473.499,0.089,12.0,E3/E3,,,,0.0
6203,y4,,,,,,,,,14.5,224.7,,
6204,y1,,,,,,,,,10.1,57.3,,
6206,bl,,,,,,,,,21.1,253.0,,
6207,bl,,,,,,,,,31.1,196.6,,
6209,4_init,2024-08-20,0.65,72.536,52.7,515.447,0.102,6.0,E3/E3,18.0,96.47,,0.0
6209,bl,,,,,,,,,12.9,73.5,,
6211,bl,,,,,,,,,25.2,148.5,,
6212,bl,,,,,,,,,16.7,104.1,,
6213,bl,,,,,,,,,16.3,66.9,,
6216,bl,,,,,,,,,33.4,276.8,,
6220,4_init,2025-01-13,0.65,39.837,48.575,422.919,0.115,5.0,E3/E3,11.1,205.2,,0.0
6220,bl,,,,,,,,,18.9,196.2,,
6221,4_init,2024-12-12,4.441,71.643,46.854,485.416,0.097,56.0,E3/E4,22.6,275.1,,1.0
6221,bl,,,,,,,,,17.2,92.0,,
6222,4_init,2024-05-20,4.055,66.469,40.204,502.479,0.08,73.0,E3/E4,61.7,217.0,,1.0
6222,4_m12,2025-07-02,0.65,55.083,42.381,507.592,0.083,16.0,E3/E4,,,,1.0
6222,y2,,,,,,,,,35.3,330.5,,
6224,bl,,,,,,,,,14.9,130.1,,
6226,bl,,,,,,,,,17.7,92.4,,
6227,4_init,2025-01-06,1.632,30.602,34.646,350.966,0.099,42.0,E3/E3,10.2,116.0,,0.0
6227,bl,,,,,,,,,10.7,85.4,,
6228,4_init,2024-11-19,1.632,59.731,47.619,472.372,0.101,15.0,E3/E3,19.2,196.4,,0.0
6228,y4,,,,,,,,,24.2,177.3,,
6229,y4,,,,,,,,,25.5,158.9,,
6231,bl,,,,,,,,,22.2,415.6,,
6231,y1,,,,,,,,,34.0,574.5,,
6232,bl,,,,,,,,,8.8,38.7,,
6233,bl,,,,,,,,,13.2,138.6,,
6234,4_init,2024-08-13,1.7,122.626,97.987,585.315,0.167,0.0,E3/E4,20.4,173.4,,1.0
6234,bl,,,,,,,,,21.7,223.3,,
6236,4_init,2024-11-20,1.557,57.52,53.945,509.848,0.106,12.0,E3/E3,17.9,109.2,,0.0
6236,bl,,,,,,,,,16.2,86.9,,
6237,4_init,2025-05-13,0.65,49.751,58.674,478.044,0.123,3.0,E3/E3,,,,0.0
6237,bl,,,,,,,,,10.4,94.6,,
6240,4_init,2024-06-17,1.66,46.806,38.777,435.321,0.089,32.0,E3/E3,25.2,225.5,,0.0
6240,4_m12,2025-06-17,0.65,40.486,38.601,404.128,0.096,11.0,E3/E3,,,,0.0
6240,bl,,,,,,,,,30.4,206.2,,
6241,4_init,2024-06-12,10.951,77.256,36.924,450.667,0.082,99.0,E3/E3,28.3,442.9,,0.0
6241,y1,,,,,,,,,31.8,401.0,,
6243,4_init,2023-12-12,0.65,65.236,59.414,539.571,0.11,4.0,E3/E3,12.0,185.5,,0.0
6243,bl,,,,,,,,,12.3,80.3,,
6244,y4,,,,,,,,,9.0,109.9,,
6250,bl,,,,,,,,,11.8,158.5,,
6251,4_init,2024-10-07,3.796,76.399,54.245,530.946,0.102,34.0,E4/E4,17.7,306.0,,2.0
6251,y1,,,,,,,,,16.3,159.1,,
6252,bl,,,,,,,,,31.9,332.1,,
6253,4_init,2024-09-23,0.65,79.001,44.533,442.186,0.101,6.0,E3/E3,10.3,201.2,,0.0
6253,bl,,,,,,,,,12.1,123.4,,
6254,4_init,2023-07-24,1.664,38.984,34.133,387.574,0.088,42.0,E4/E4,10.2,85.96,,2.0
6254,4_m24,2025-06-10,1.667,37.412,34.019,367.209,0.093,39.0,E4/E4,,,,2.0
6254,y1,,,,,,,,,10.5,57.6,,
6255,bl,,,,,,,,,22.7,386.1,,
6256,4_init,2024-06-11,2.718,61.42,46.158,488.602,0.094,36.0,E3/E4,16.9,182.3,,1.0
6256,bl,,,,,,,,,17.6,133.8,,
6258,y4,,,,,,,,,36.8,193.9,,
6259,4_init,2024-03-12,0.65,47.355,54.625,428.4,0.128,2.0,E3/E4,23.0,144.8,,1.0
6259,y4,,,,,,,,,26.2,180.9,,
6260,y1,,,,,,,,,18.4,107.1,,
6264,y1,,,,,,,,,13.8,169.1,,
6266,4_init,2024-03-06,0.65,45.103,38.507,393.276,0.098,10.0,E3/E3,11.1,193.1,,0.0
6266,bl,,,,,,,,,10.7,190.3,,
6268,4_init,2024-10-02,8.072,35.802,36.562,366.765,0.1,100.0,E4/E4,22.1,291.3,,2.0
6268,y1,,,,,,,,,22.8,274.0,,
6269,4_init,2025-04-09,2.805,57.796,44.698,523.843,0.085,52.0,E3/E3,,,,0.0
6269,bl,,,,,,,,,25.2,89.4,,
6271,4_init,2025-07-16,0.65,76.702,57.908,484.249,0.12,3.0,E3/E3,,,,0.0
6271,4_init,2025-07-16,0.65,76.702,57.908,484.249,0.12,3.0,E3/E3,,,,0.0
6271,bl,,,,,,,,,19.4,115.0,,
6273,4_init,2024-02-07,0.65,86.336,49.771,494.099,0.101,6.0,E3/E3,9.91,200.8,,0.0
6273,y1,,,,,,,,,12.0,12.8,,
6274,bl,,,,,,,,,26.4,148.9,,
6275,4_init,2024-11-21,0.65,35.464,43.927,399.898,0.11,7.0,E3/E3,8.04,52.61,,0.0
6275,bl,,,,,,,,,16.6,86.4,,
6277,bl,,,,,,,,,24.0,183.7,,
6278,bl,,,,,,,,,22.4,221.2,,
6279,bl,,,,,,,,,33.2,249.8,,
6282,bl,,,,,,,,,20.2,125.1,,
6283,4_init,2024-08-06,1.474,49.706,33.048,370.698,0.089,26.0,E4/E4,10.6,164.2,,2.0
6283,bl,,,,,,,,,10.6,110.5,,
6284,bl,,,,,,,,,36.3,235.5,,
6287,bl,,,,,,,,,16.7,133.4,,
6288,4_init,2024-02-14,5.121,47.583,40.962,469.623,0.087,95.0,E3/E4,23.0,301.8,,1.0
6288,4_m12,2025-02-20,5.62,56.43,42.787,426.761,0.1,88.0,E3/E4,19.1,225.4,,1.0
6288,y4,,,,,,,,,29.8,246.0,,
6289,bl,,,,,,,,,23.5,135.3,,
6291,4_init,2024-03-06,3.511,64.221,48.395,483.127,0.1,42.0,E3/E3,26.1,367.2,,0.0
6291,4_m12,2025-03-11,1.554,78.416,54.535,543.15,0.1,11.0,E3/E3,,,,0.0
6291,bl,,,,,,,,,31.6,214.8,,
6292,4_init,2024-04-29,0.65,88.992,60.96,523.434,0.116,3.0,E2/E3,62.0,443.1,,0.0
6292,bl,,,,,,,,,29.3,131.2,,
6293,4_init,2024-10-09,1.904,80.518,63.681,563.708,0.113,7.0,E3/E3,47.4,478.3,,0.0
6293,bl,,,,,,,,,19.0,182.3,,
6294,bl,,,,,,,,,15.3,150.5,,
6297,y4,,,,,,,,,22.1,274.9,,
6298,y1,,,,,,,,,19.3,121.6,,
6300,bl,,,,,,,,,14.1,126.9,,
6303,4_m12,2024-09-09,5.203,41.776,37.864,426.11,0.089,98.0,E3/E3,30.1,231.2,,0.0
6303,bl,,,,,,,,,29.7,198.8,,
6304,4_init,2024-01-30,1.514,48.123,40.19,449.493,0.089,28.0,E3/E4,13.8,228.0,,1.0
6304,4_m12,2025-01-28,0.65,36.151,36.187,383.714,0.094,13.0,E3/E4,12.3,115.0,,1.0
6304,bl,,,,,,,,,11.5,80.4,,
6306,4_init,2024-05-14,2.977,56.75,43.617,474.241,0.092,49.0,E2/E4,12.8,219.1,,1.0
6306,bl,,,,,,,,,15.3,113.6,,
6307,y1,,,,,,,,,15.3,156.5,,
6308,4_init,2024-03-04,0.65,48.921,51.795,496.038,0.104,7.0,E3/E3,14.8,229.5,,0.0
6308,bl,,,,,,,,,17.2,124.7,,
6309,4_init,2025-08-05,0.65,36.03,56.463,477.687,0.118,4.0,E3/E3,,,,0.0
6309,y4,,,,,,,,,27.3,118.2,,
6310,bl,,,,,,,,,13.3,93.9,,
6312,y4,,,,,,,,,32.9,446.1,,
6313,4_init,2025-04-30,0.65,38.541,45.066,408.391,0.11,6.0,E3/E3,,,,0.0
6313,bl,,,,,,,,,9.8,90.9,,
6314,4_init,2024-09-03,1.542,78.063,40.964,418.726,0.098,12.0,E3/E3,14.8,135.5,,0.0
6314,y4,,,,,,,,,20.1,127.7,,
6315,bl,,,,,,,,,18.6,117.0,,
6316,y1,,,,,,,,,25.0,319.5,,
6317,bl,,,,,,,,,26.1,102.7,,
6318,bl,,,,,,,,,15.9,160.1,,
6319,4_init,2025-02-14,1.428,77.728,53.736,526.04,0.102,9.0,E3/E3,19.0,125.6,,0.0
6319,bl,,,,,,,,,12.7,87.5,,
6320,4_init,2024-05-20,0.65,37.795,46.321,407.355,0.114,5.0,E3/E3,26.6,113.7,,0.0
6320,y4,,,,,,,,,28.0,108.6,,
6321,4_init,2024-05-20,0.65,71.583,52.026,514.195,0.101,6.0,E3/E3,36.7,206.8,,0.0
6321,y4,,,,,,,,,31.2,168.2,,
6323,4_init,2024-07-31,0.65,65.642,50.183,470.796,0.107,5.0,E3/E3,54.1,136.7,,0.0
6323,bl,,,,,,,,,19.4,51.0,,
6326,bl,,,,,,,,,14.7,127.0,,
6327,bl,,,,,,,,,20.5,178.3,,
6327,y4,,,,,,,,,17.3,123.6,,
6328,bl,,,,,,,,,19.6,219.8,,
6329,4_init,2025-06-25,2.63,47.882,40.272,422.25,0.095,48.0,E3/E3,,,,0.0
6330,y2,,,,,,,,,25.1,289.6,,
6333,4_m12,2024-08-27,8.368,76.167,47.689,516.839,0.092,95.0,E3/E4,51.9,238.0,,1.0
6333,bl,,,,,,,,,15.4,119.7,,
6334,4_init,2024-03-19,0.65,45.024,47.803,530.553,0.09,13.0,E3/E3,16.6,168.6,,0.0
6334,4_m12,2025-03-17,0.65,47.356,45.119,438.957,0.103,7.0,E3/E3,,,,0.0
6334,y4,,,,,,,,,15.5,118.6,,
6335,bl,,,,,,,,,12.6,52.1,,
6336,bl,,,,,,,,,31.4,166.3,,
6341,bl,,,,,,,,,18.2,128.3,,
6343,4_init,2024-08-27,0.65,57.432,44.672,390.361,0.114,4.0,E3/E3,16.9,142.1,,0.0
6343,bl,,,,,,,,,12.4,114.3,,
6345,bl,,,,,,,,,26.3,198.2,,
6346,4_init,2024-01-23,0.65,82.108,43.386,525.785,0.083,14.0,E3/E3,16.8,231.7,,0.0
6346,4_m12,2025-01-13,1.75,78.741,46.318,502.054,0.092,17.0,E3/E3,16.0,149.8,,0.0
6346,y4,,,,,,,,,24.5,127.3,,
6347,y1,,,,,,,,,26.9,224.2,,
6348,4_init,2025-06-10,0.65,48.032,44.26,459.9,0.096,10.0,E3/E3,,,,0.0
6348,bl,,,,,,,,,12.9,65.8,,
6349,4_init,2024-04-02,1.316,62.255,47.904,496.435,0.096,14.0,E3/E4,15.6,157.0,,1.0
6349,bl,,,,,,,,,17.4,148.5,,
6350,bl,,,,,,,,,9.8,126.0,,
6351,4_init,2024-12-05,1.364,63.106,51.002,524.433,0.097,14.0,E3/E3,23.6,182.3,,0.0
6351,bl,,,,,,,,,23.7,140.0,,
6352,4_init,2023-10-30,1.754,77.379,45.55,493.748,0.092,18.0,E3/E3,10.4,121.5,,0.0
6352,4_m12,2024-10-28,1.732,77.392,51.015,525.158,0.097,14.0,E3/E3,11.0,68.86,,0.0
6352,y1,,,,,,,,,8.4,59.5,,
6354,sc,,,,,,,,,19.0,235.9,,
6356,y1,,,,,,,,,39.2,200.0,,
6357,4_init,2024-12-11,0.65,66.928,-4.0,-4.0,-4.0,-4.0,E3/E3,17.1,172.3,,0.0
6357,bl,,,,,,,,,11.9,125.5,,
6358,bl,,,,,,,,,15.4,131.4,,
6359,4_init,2024-05-14,2.783,68.713,42.592,441.654,0.096,30.0,E3/E4,16.5,294.0,,1.0
6359,y4,,,,,,,,,21.1,255.3,,
6360,4_init,2024-06-19,2.666,40.084,33.147,391.008,0.085,74.0,E3/E4,9.23,57.9,,1.0
6360,y1,,,,,,,,,9.7,60.3,,
6362,4_init,2024-06-05,1.412,51.51,40.588,472.916,0.086,27.0,E3/E3,29.4,311.9,,0.0
6362,4_m12,2025-06-16,2.109,70.511,47.596,532.022,0.089,26.0,E3/E3,,,,0.0
6362,bl,,,,,,,,,18.7,126.7,,
6364,bl,,,,,,,,,8.8,189.1,,
6367,4_init,2025-01-29,3.101,65.173,49.159,519.189,0.095,40.0,E3/E3,,,,0.0
6367,4_m12,,,,,,,,,23.3,177.5,,
6367,bl,,,,,,,,,21.6,186.9,,
6369,4_init,2024-02-13,0.65,51.336,42.31,442.339,0.096,10.0,E3/E3,10.8,57.09,,0.0
6369,4_m12,2025-02-03,0.65,54.029,55.136,527.517,0.105,6.0,E3/E3,14.5,55.58,,0.0
6369,y4,,,,,,,,,15.3,82.8,,
6370,bl,,,,,,,,,19.2,125.1,,
6371,bl,,,,,,,,,12.7,70.8,,
6373,bl,,,,,,,,,22.7,246.8,,
6374,4_init,2024-01-23,0.65,49.445,45.567,457.186,0.1,8.0,E3/E3,18.9,132.3,,0.0
6374,4_m12,2025-01-13,0.65,48.95,54.892,483.674,0.113,4.0,E3/E3,23.2,180.2,,0.0
6374,y4,,,,,,,,,18.4,89.2,,
6375,4_init,2024-09-25,3.008,117.237,50.547,587.347,0.086,25.0,E3/E3,29.6,188.5,,0.0
6375,y2,,,,,,,,,29.2,176.3,,
6377,y1,,,,,,,,,24.2,242.4,,
6378,bl,,,,,,,,,10.7,203.2,,
6381,4_init,2024-04-24,0.65,47.666,44.453,533.054,0.083,17.0,E3/E3,22.3,113.2,,0.0
6381,4_m12,2025-07-30,1.939,54.398,49.106,540.915,0.091,31.0,E3/E3,,,,0.0
6381,bl,,,,,,,,,16.5,113.3,,
6384,4_init,2024-04-30,0.65,44.65,37.686,428.714,0.088,15.0,E3/E3,13.6,105.8,,0.0
6384,bl,,,,,,,,,9.3,43.5,,
6385,4_init,2025-08-05,0.65,55.778,63.532,611.198,0.104,6.0,E3/E3,,,,0.0
6385,bl,,,,,,,,,12.7,140.1,,
6389,y1,,,,,,,,,23.7,130.8,,
6393,4_init,2024-04-18,3.095,48.679,36.248,384.689,0.094,60.0,E4/E4,10.3,188.6,,2.0
6394,bl,,,,,,,,,14.2,184.2,,
6396,4_init,2024-08-20,0.65,73.352,54.538,487.417,0.112,4.0,E3/E3,19.5,225.3,,0.0
6396,y4,,,,,,,,,18.1,141.8,,
6399,4_init,2024-03-25,0.65,56.967,41.94,418.035,0.1,7.0,E3/E4,3.07,77.89,,1.0
6399,4_m12,2025-04-21,0.65,65.083,47.436,450.524,0.105,6.0,E3/E4,,,,1.0
6399,y4,,,,,,,,,7.6,152.1,,
6400,4_init,2024-03-25,0.65,45.57,41.917,384.149,0.109,6.0,E3/E4,16.5,162.3,,1.0
6400,4_m12,2025-04-21,0.65,45.627,44.759,424.56,0.105,7.0,E3/E4,,,,1.0
6400,y4,,,,,,,,,21.7,109.5,,
6401,4_init,2024-04-16,3.329,54.604,32.043,338.267,0.095,57.0,E3/E4,20.0,347.8,,1.0
6401,y2,,,,,,,,,15.9,153.8,,
6402,bl,,,,,,,,,17.9,171.3,,
6404,4_init,2025-05-15,0.65,42.921,60.889,496.049,0.123,3.0,E3/E3,,,,0.0
6404,bl,,,,,,,,,30.1,106.9,,
6405,bl,,,,,,,,,11.7,117.2,,
6408,bl,,,,,,,,,7.4,58.8,,
6409,bl,,,,,,,,,8.4,53.7,,
6411,bl,,,,,,,,,30.0,283.7,,
6412,4_init,2024-06-17,0.65,41.874,34.786,364.993,0.095,11.0,E3/E3,10.3,70.99,,0.0
6412,4_m12,2025-05-28,0.65,41.982,50.437,551.199,0.092,13.0,E3/E3,,,,0.0
6412,bl,,,,,,,,,12.4,57.1,,
6413,bl,,,,,,,,,30.0,267.0,,
6414,4_init,2024-11-04,0.65,52.831,43.677,464.469,0.094,10.0,E3/E4,44.1,295.6,,1.0
6414,bl,,,,,,,,,13.8,118.0,,
6415,4_init,2024-08-14,0.65,64.017,48.823,457.6,0.107,5.0,E3/E3,26.6,162.9,,0.0
6415,bl,,,,,,,,,24.4,74.3,,
6416,4_init,2024-10-31,2.869,32.92,38.123,408.232,0.093,84.0,E3/E4,16.0,238.9,,1.0
6416,bl,,,,,,,,,13.4,162.1,,
6417,bl,,,,,,,,,23.6,336.3,,
6418,4_init,2024-08-21,0.65,36.295,40.331,383.609,0.105,8.0,E3/E3,16.4,153.7,,0.0
6419,bl,,,,,,,,,12.7,143.5,,
6421,bl,,,,,,,,,10.5,99.6,,
6422,4_init,2023-11-13,0.65,45.382,54.501,437.933,0.124,3.0,E3/E3,13.1,112.9,,0.0
6422,4_m12,2024-10-29,0.65,44.843,49.268,475.508,0.104,7.0,E3/E3,11.3,107.2,,0.0
6422,y4,,,,,,,,,18.8,178.7,,
6423,bl,,,,,,,,,41.6,217.3,,
6424,4_init,2023-12-07,0.65,45.23,43.625,398.763,0.109,6.0,E2/E3,10.3,131.5,,0.0
6424,4_m12,2025-01-08,0.65,30.938,37.899,342.075,0.111,7.0,E2/E3,6.94,43.74,,0.0
6424,bl,,,,,,,,,7.6,62.9,,
6426,bl,,,,,,,,,25.0,161.7,,
6427,4_init,2024-03-14,0.65,39.914,52.16,391.208,0.133,2.0,E3/E4,9.7,131.8,,1.0
6427,4_m12,2025-04-11,0.65,39.767,44.86,416.919,0.108,7.0,E3/E4,,,,1.0
6427,bl,,,,,,,,,10.8,100.3,,
6428,y1,,,,,,,,,16.3,104.1,,
6429,4_init,2024-11-14,0.65,43.861,45.099,426.92,0.106,7.0,E3/E3,14.3,182.1,,0.0
6429,bl,,,,,,,,,11.4,106.9,,
6432,bl,,,,,,,,,20.2,166.4,,
6433,y2,,,,,,,,,27.2,308.2,,
6436,4_init,2025-05-21,0.65,39.615,53.808,491.855,0.109,6.0,E3/E3,,,,0.0
6436,y1,,,,,,,,,15.6,169.8,,
6437,4_init,2024-03-27,0.65,37.337,48.094,433.388,0.111,6.0,E3/E3,17.0,92.9,,0.0
6437,bl,,,,,,,,,17.4,104.5,,
6439,4_init,2024-12-17,0.65,43.268,49.691,428.392,0.116,4.0,E3/E3,17.5,198.9,,0.0
6439,bl,,,,,,,,,14.0,145.7,,
6441,bl,,,,,,,,,30.9,193.4,,
6442,bl,,,,,,,,,20.4,90.9,,
6443,bl,,,,,,,,,29.1,122.7,,
6446,4_init,2024-07-10,0.65,69.238,62.758,611.367,0.103,6.0,E2/E3,14.9,85.8,,0.0
6446,4_m12,2025-07-16,0.65,69.99,55.037,539.096,0.102,6.0,E2/E3,,,,0.0
6446,y4,,,,,,,,,17.7,115.9,,
6449,bl,,,,,,,,,10.7,107.2,,
6452,bl,,,,,,,,,16.4,197.1,,
6454,bl,,,,,,,,,13.8,122.3,,
6455,4_init,2024-08-28,0.65,23.596,39.463,385.084,0.102,14.0,E3/E4,12.6,202.9,,1.0
6455,y4,,,,,,,,,14.1,120.9,,
6456,bl,,,,,,,,,19.0,124.3,,
6457,sc,,,,,,,,,9.5,191.9,,
6459,y4,,,,,,,,,25.3,136.9,,
6462,4_init,2024-10-29,2.013,37.937,42.803,399.209,0.107,32.0,E3/E4,12.2,235.4,,1.0
6462,y4,,,,,,,,,12.1,129.9,,
6463,bl,,,,,,,,,44.1,88.5,,
6465,y1,,,,,,,,,26.1,229.8,,
6466,bl,,,,,,,,,18.7,122.0,,
6467,bl,,,,,,,,,18.2,300.9,,
6468,4_init,2025-06-10,0.65,35.709,41.699,462.358,0.09,16.0,E3/E4,,,,1.0
6468,bl,,,,,,,,,13.1,68.3,,
6470,4_init,2025-07-21,0.65,57.336,50.962,397.331,0.128,2.0,E3/E4,,,,1.0
6470,bl,,,,,,,,,13.8,76.7,,
6471,4_init,2023-09-26,0.65,52.493,42.174,401.979,0.105,6.0,E2/E3,9.03,100.7,,0.0
6471,4_m12,2024-08-27,0.65,43.059,51.041,452.577,0.113,5.0,E2/E3,7.78,49.42,,0.0
6471,y4,,,,,,,,,10.3,70.7,,
6472,bl,,,,,,,,,13.7,100.8,,
6473,bl,,,,,,,,,21.1,74.0,,
6474,y1,,,,,,,,,22.0,187.3,,
6476,4_init,2025-02-18,1.668,82.472,41.453,446.84,0.093,15.0,E3/E3,14.1,204.5,,0.0
6476,bl,,,,,,,,,18.1,177.0,,
6479,bl,,,,,,,,,21.3,127.7,,
6480,4_init,2024-07-17,3.892,61.019,40.562,483.52,0.084,72.0,E3/E4,17.5,168.1,,1.0
6480,4_m12,2025-07-23,2.603,46.543,41.291,479.375,0.086,61.0,E3/E4,,,,1.0
6480,y2,,,,,,,,,20.7,144.5,,
6483,4_init,2024-09-25,3.299,54.831,40.229,395.943,0.102,47.0,E4/E4,14.4,150.9,,2.0
6483,bl,,,,,,,,,10.7,117.2,,
6485,4_init,2024-12-05,0.65,44.952,52.513,455.077,0.115,4.0,E2/E3,17.2,79.01,,0.0
6485,bl,,,,,,,,,11.3,85.6,,
6487,4_init,2024-12-16,0.65,43.181,51.5,465.142,0.111,5.0,E3/E3,17.3,110.2,,0.0
6488,4_init,2024-07-08,6.5,80.796,39.025,509.975,0.077,90.0,E3/E4,68.9,176.9,,1.0
6488,y2,,,,,,,,,25.4,344.1,,
6492,bl,,,,,,,,,15.1,196.0,,
6493,4_init,2023-11-29,1.871,60.35,48.973,558.362,0.088,29.0,E3/E4,22.0,229.2,,1.0
6493,4_m12,2024-12-03,2.077,57.137,49.803,562.037,0.089,34.0,E3/E4,17.4,130.8,,1.0
6493,y1,,,,,,,,,17.8,75.6,,
6494,4_init,2024-08-20,1.386,71.125,47.414,479.756,0.099,12.0,E3/E4,13.0,197.5,,1.0
6494,bl,,,,,,,,,12.0,93.9,,
6497,y1,,,,,,,,,12.8,107.7,,
6498,bl,,,,,,,,,20.6,170.4,,
6499,4_init,2023-10-17,-4.0,-4.0,54.363,423.066,0.128,-4.0,E3/E3,15.2,237.1,,0.0
6499,4_m12,2024-11-12,0.65,36.342,48.472,511.811,0.095,13.0,E3/E3,16.0,168.0,,0.0
6499,bl,,,,,,,,,24.1,150.4,,
6500,4_init,2024-10-30,0.65,28.565,39.552,373.025,0.106,10.0,E3/E4,10.6,81.69,,1.0
6500,bl,,,,,,,,,11.8,54.2,,
6502,4_init,2024-06-12,3.761,55.555,34.411,379.082,0.091,69.0,E3/E4,13.4,121.2,,1.0
6502,4_m12,2025-06-25,5.546,63.449,42.156,463.689,0.091,86.0,E3/E4,,,,1.0
6502,bl,,,,,,,,,10.7,89.5,,
6503,4_init,2024-06-25,4.491,65.143,35.43,386.073,0.092,69.0,E3/E4,11.9,233.2,,1.0
6503,y4,,,,,,,,,17.4,336.0,,
6504,bl,,,,,,,,,14.7,54.5,,
6505,bl,,,,,,,,,13.7,96.9,,
6509,4_init,2024-08-08,6.183,105.706,42.967,517.965,0.083,67.0,E3/E3,13.1,209.6,,0.0
6509,y2,,,,,,,,,16.4,156.8,,
6510,4_init,2024-08-15,3.602,66.465,40.471,440.807,0.092,52.0,E3/E4,16.8,283.1,,1.0
6510,bl,,,,,,,,,21.9,213.5,,
6512,4_init,2025-03-19,8.96,78.303,54.372,586.865,0.093,96.0,E3/E4,,,,1.0
6512,y2,,,,,,,,,27.1,195.8,,
6513,y1,,,,,,,,,14.7,121.1,,
6514,bl,,,,,,,,,15.8,82.5,,
6515,4_init,2024-08-20,3.486,54.436,42.464,479.758,0.089,67.0,E3/E3,28.9,552.6,,0.0
6515,y4,,,,,,,,,32.8,416.7,,
6516,4_init,2024-07-24,0.65,75.163,49.196,468.429,0.105,5.0,E3/E3,22.2,134.8,,0.0
6516,bl,,,,,,,,,25.6,132.5,,
6517,4_init,2025-04-16,0.65,58.596,-4.0,-4.0,-4.0,-4.0,E3/E3,,,,0.0
6517,bl,,,,,,,,,17.9,109.1,,
6518,bl,,,,,,,,,10.6,146.1,,
6519,y4,,,,,,,,,35.1,160.5,,
6521,bl,,,,,,,,,15.9,61.7,,
6522,y1,,,,,,,,,13.1,112.8,,
6524,4_init,2025-04-30,0.65,40.634,57.502,567.213,0.101,9.0,E3/E3,,,,0.0
6524,bl,,,,,,,,,13.8,80.7,,
6525,4_init,2024-10-18,2.262,57.57,39.78,445.606,0.089,36.0,E3/E4,9.07,81.15,,1.0
6525,y1,,,,,,,,,12.7,99.1,,
6528,4_init,2025-05-08,0.65,63.429,44.708,438.878,0.102,7.0,E3/E4,,,,1.0
6528,bl,,,,,,,,,15.5,89.9,,
6529,4_init,2025-03-19,10.23,57.59,36.879,421.592,0.087,100.0,E3/E4,,,,1.0
6529,bl,,,,,,,,,14.7,127.3,,
6533,bl,,,,,,,,,14.9,64.2,,
6534,4_init,2024-06-11,0.65,51.553,46.306,420.737,0.11,5.0,E3/E3,14.5,92.7,,0.0
6534,y1,,,,,,,,,14.0,42.2,,
6535,4_init,2024-01-02,6.89,99.443,58.218,545.032,0.107,52.0,E3/E3,32.2,518.8,,0.0
6535,4_m12,2024-12-18,5.559,86.829,57.435,641.507,0.09,66.0,E3/E3,22.2,379.8,,0.0
6535,y1,,,,,,,,,25.8,289.7,,
6541,y1,,,,,,,,,27.2,181.3,,
6542,4_init,2024-09-25,0.65,54.928,37.428,362.88,0.103,7.0,E3/E3,7.31,93.65,,0.0
6543,y1,,,,,,,,,45.3,109.2,,
6544,4_init,2024-10-29,1.82,45.83,51.644,491.658,0.105,21.0,E3/E4,30.7,583.0,,1.0
6544,bl,,,,,,,,,23.0,165.3,,
6545,bl,,,,,,,,,19.2,179.4,,
6546,4_init,2023-11-08,0.65,69.009,58.162,578.332,0.101,7.0,E3/E4,33.5,212.2,,1.0
6546,bl,,,,,,,,,19.5,131.0,,
6547,4_init,2024-03-04,0.65,47.807,48.562,564.389,0.086,15.0,E2/E3,14.3,172.0,,0.0
6547,4_m12,2025-03-11,0.65,51.488,50.893,512.707,0.099,8.0,E2/E3,,,,0.0
6547,y4,,,,,,,,,21.4,233.4,,
6549,y1,,,,,,,,,39.0,199.6,,
6550,4_init,2025-02-05,0.65,40.117,53.219,479.83,0.111,6.0,E3/E3,10.9,163.6,,0.0
6550,bl,,,,,,,,,10.6,113.6,,
6551,y4,,,,,,,,,26.8,228.4,,
6559,4_init,2024-11-05,0.65,50.837,48.418,453.189,0.107,6.0,E3/E3,14.7,404.7,,0.0
6559,bl,,,,,,,,,18.9,391.1,,
6559,y4,,,,,,,,,16.8,365.9,,
6563,4_init,2024-03-20,1.74,98.996,-4.0,-4.0,-4.0,-4.0,E2/E3,25.3,163.3,,0.0
6563,y1,,,,,,,,,13.4,98.0,,
6564,4_init,2024-09-18,0.65,50.299,38.831,426.644,0.091,12.0,E3/E4,12.8,211.9,,1.0
6564,y2,,,,,,,,,14.9,252.7,,
6566,bl,,,,,,,,,7.1,49.5,,
6570,4_m12,2024-08-26,0.65,33.736,41.498,388.554,0.107,8.0,E3/E3,9.93,193.2,,0.0
6570,bl,,,,,,,,,10.8,157.7,,
6572,4_init,2024-01-17,3.972,51.098,38.037,427.331,0.089,80.0,E3/E3,24.9,262.1,,0.0
6572,y1,,,,,,,,,24.8,286.7,,
6573,bl,,,,,,,,,28.5,255.9,,
6574,4_init,2023-11-01,0.65,57.431,64.46,623.931,0.103,6.0,E3/E3,21.0,190.0,,0.0
6574,4_m12,2024-11-20,0.65,54.41,55.145,569.358,0.097,9.0,E3/E3,8.33,57.04,,0.0
6575,4_init,2023-11-01,4.427,54.834,46.562,478.421,0.097,76.0,E3/E3,20.3,253.9,,0.0
6575,4_m12,2024-11-20,3.04,58.207,51.523,537.432,0.096,44.0,E3/E3,17.9,122.3,,0.0
6575,y1,,,,,,,,,19.5,145.3,,
6577,4_init,2024-11-13,0.65,43.504,40.324,402.832,0.1,9.0,E3/E4,11.9,127.1,,1.0
6577,bl,,,,,,,,,9.7,88.8,,
6578,bl,,,,,,,,,13.6,102.7,,
6580,4_init,2023-10-25,4.253,90.947,57.62,578.105,0.1,33.0,E3/E3,26.0,306.3,,0.0
6580,4_m12,2024-12-05,5.494,106.376,60.472,631.016,0.096,44.0,E3/E3,27.7,227.2,,0.0
6580,y1,,,,,,,,,18.8,159.1,,
6581,4_init,2023-12-14,2.554,43.387,43.973,469.326,0.094,55.0,E3/E3,18.5,141.7,,0.0
6581,4_m12,2024-11-13,7.0,133.694,78.637,801.173,0.098,42.0,E3/E3,68.0,433.4,,0.0
6581,bl,,,,,,,,,20.8,176.7,,
6582,4_init,2024-09-09,0.65,40.697,43.504,468.074,0.093,13.0,E2/E4,8.11,76.68,,1.0
6582,bl,,,,,,,,,9.0,96.3,,
6586,4_init,2024-06-05,5.699,102.583,62.578,658.595,0.095,49.0,E3/E3,41.2,401.7,,0.0
6586,y1,,,,,,,,,66.3,283.4,,
6589,bl,,,,,,,,,20.6,102.0,,
6591,bl,,,,,,,,,19.0,106.7,,
6592,y1,,,,,,,,,29.3,245.0,,
6595,bl,,,,,,,,,25.8,225.3,,
6597,4_init,2025-07-23,0.65,53.159,57.593,557.201,0.103,7.0,E2/E3,,,,0.0
6597,bl,,,,,,,,,6.6,64.0,,
6598,bl,,,,,,,,,19.4,137.9,,
6600,y1,,,,,,,,,29.4,278.7,,
6601,bl,,,,,,,,,15.4,207.4,,
6602,bl,,,,,,,,,25.4,280.0,,
6604,4_init,2024-08-13,4.657,89.681,44.532,505.695,0.088,53.0,E3/E3,26.3,270.7,,0.0
6604,bl,,,,,,,,,20.5,157.0,,
6605,bl,,,,,,,,,15.2,104.1,,
6606,y1,,,,,,,,,25.7,130.1,,
6610,bl,,,,,,,,,14.1,169.7,,
6612,bl,,,,,,,,,17.2,175.0,,
6615,bl,,,,,,,,,19.2,210.7,,
6616,y2,,,,,,,,,38.1,219.4,,
6618,bl,,,,,,,,,26.7,222.9,,
6619,4_init,2024-10-30,1.908,46.649,41.054,439.598,0.093,34.0,E3/E3,40.7,287.2,,0.0
6621,4_init,2024-04-11,0.65,93.252,55.227,430.689,0.128,2.0,E3/E4,16.2,132.3,,1.0
6621,y1,,,,,,,,,17.5,93.4,,
6622,bl,,,,,,,,,22.8,179.6,,
6624,bl,,,,,,,,,7.3,81.7,,
6627,bl,,,,,,,,,13.4,236.9,,
6629,y1,,,,,,,,,6.7,120.2,,
6632,bl,,,,,,,,,25.7,235.4,,
6633,bl,,,,,,,,,16.8,130.2,,
6634,bl,,,,,,,,,28.6,217.9,,
6635,y2,,,,,,,,,9.8,95.6,,
6640,bl,,,,,,,,,55.5,540.6,,
6641,bl,,,,,,,,,13.4,59.9,,
6643,4_init,2024-06-27,0.65,67.932,49.177,453.123,0.109,5.0,E3/E3,14.0,196.4,,0.0
6643,bl,,,,,,,,,5.4,61.4,,
6644,4_init,2024-03-12,8.384,91.652,60.184,581.8,0.103,80.0,E3/E3,44.1,389.6,,0.0
6644,bl,,,,,,,,,32.2,174.7,,
6648,bl,,,,,,,,,24.9,305.4,,
6651,4_init,2024-10-16,0.65,41.902,58.802,470.964,0.125,3.0,E3/E3,18.3,222.2,,0.0
6651,bl,,,,,,,,,11.2,95.8,,
6652,bl,,,,,,,,,28.1,197.0,,
6653,y2,,,,,,,,,17.7,70.8,,
6654,4_init,2024-11-18,0.65,36.314,39.162,375.899,0.104,8.0,E3/E3,15.1,83.11,,0.0
6654,bl,,,,,,,,,16.8,90.5,,
6655,bl,,,,,,,,,23.0,281.7,,
6657,4_init,2024-07-29,2.063,96.294,45.469,481.804,0.094,15.0,E3/E4,22.3,124.0,,1.0
6657,bl,,,,,,,,,21.6,117.5,,
6658,bl,,,,,,,,,33.3,204.1,,
6661,y1,,,,,,,,,27.7,294.4,,
6668,bl,,,,,,,,,29.9,485.5,,
6669,bl,,,,,,,,,38.7,74.4,,
6672,bl,,,,,,,,,19.1,214.7,,
6673,bl,,,,,,,,,30.6,564.1,,
6679,bl,,,,,,,,,23.4,304.2,,
6681,4_init,2024-09-30,3.111,58.398,43.977,505.498,0.087,56.0,E3/E4,20.3,191.1,,1.0
6681,bl,,,,,,,,,20.4,99.9,,
6682,bl,,,,,,,,,28.4,117.5,,
6683,bl,,,,,,,,,18.2,107.0,,
6687,bl,,,,,,,,,24.2,503.0,,
6688,4_init,2024-07-16,4.304,77.801,41.729,490.298,0.085,61.0,E3/E4,30.5,278.8,,1.0
6688,bl,,,,,,,,,42.7,210.8,,
6689,4_init,2024-07-31,6.911,53.999,32.395,400.035,0.081,99.0,E3/E4,21.9,176.5,,1.0
6689,4_m12,2025-07-16,-4.0,-4.0,40.543,453.095,0.089,-4.0,E3/E4,,,,1.0
6689,bl,,,,,,,,,24.2,140.5,,
6691,bl,,,,,,,,,23.3,210.1,,
6693,4_init,2024-10-03,3.757,81.462,46.466,493.026,0.094,39.0,E4/E4,33.3,283.5,,2.0
6693,bl,,,,,,,,,38.5,236.4,,
6694,bl,,,,,,,,,42.0,89.7,,
6695,bl,,,,,,,,,16.0,219.4,,
6696,bl,,,,,,,,,14.4,103.4,,
6697,bl,,,,,,,,,18.1,84.8,,
6699,4_init,2024-08-22,0.65,76.772,54.269,480.236,0.113,4.0,E3/E3,13.0,155.5,,0.0
6700,bl,,,,,,,,,16.2,246.6,,
6702,4_init,2024-01-03,4.317,117.211,54.241,592.99,0.091,31.0,E3/E3,16.2,186.7,,0.0
6702,4_m12,2024-12-10,1.589,78.384,65.824,708.733,0.093,15.0,E3/E3,12.2,134.4,,0.0
6702,bl,,,,,,,,,7.2,66.5,,
6703,4_init,2024-03-28,13.716,79.859,45.484,509.436,0.089,100.0,E3/E4,23.8,258.4,,1.0
6703,bl,,,,,,,,,25.8,216.1,,
6704,4_init,2024-04-22,0.65,44.626,45.236,478.73,0.094,11.0,E3/E4,10.4,293.6,,1.0
6704,bl,,,,,,,,,6.9,124.3,,
6705,bl,,,,,,,,,18.9,266.3,,
6707,bl,,,,,,,,,17.4,153.2,,
6708,bl,,,,,,,,,9.7,109.7,,
6709,bl,,,,,,,,,13.4,108.4,,
6713,4_init,2024-03-27,6.511,84.441,52.382,424.847,0.123,42.0,E3/E4,22.9,361.7,,1.0
6713,4_m12,2025-03-25,5.828,78.719,48.054,488.848,0.098,68.0,E3/E4,,,,1.0
6713,bl,,,,,,,,,23.1,167.6,,
6714,bl,,,,,,,,,12.2,145.6,,
6716,4_m12,2025-07-23,0.65,46.784,42.06,469.745,0.09,13.0,E3/E3,,,,0.0
6716,bl,,,,,,,,,17.8,96.4,,
6717,bl,,,,,,,,,22.8,108.0,,
6719,y1,,,,,,,,,31.0,302.0,,
6721,4_init,2024-06-25,0.65,50.015,50.485,427.014,0.118,3.0,E3/E3,22.5,212.1,,0.0
6721,4_m12,2025-06-24,0.65,57.879,55.092,538.133,0.102,7.0,E3/E3,,,,0.0
6721,bl,,,,,,,,,22.5,258.9,,
6722,4_init,2024-05-01,0.65,37.687,46.36,508.704,0.091,15.0,E3/E4,10.7,147.9,,1.0
6722,bl,,,,,,,,,10.4,126.8,,
6724,y2,,,,,,,,,30.0,421.8,,
6726,bl,,,,,,,,,31.2,127.2,,
6727,bl,,,,,,,,,19.9,107.7,,
6730,4_init,2024-01-16,0.65,88.228,54.545,527.03,0.103,5.0,E2/E3,17.9,169.3,,0.0
6730,bl,,,,,,,,,26.1,135.3,,
6731,4_init,2024-07-24,6.931,74.78,45.86,451.539,0.102,82.0,E3/E4,12.4,181.8,,1.0
6731,y1,,,,,,,,,15.3,206.6,,
6733,bl,,,,,,,,,21.9,250.5,,
6734,4_init,2024-07-30,0.65,50.375,44.47,468.9,0.095,10.0,E3/E3,17.7,306.5,,0.0
6734,bl,,,,,,,,,15.1,103.2,,
6735,bl,,,,,,,,,24.8,124.3,,
6739,bl,,,,,,,,,19.2,80.3,,
6742,bl,,,,,,,,,16.1,161.7,,
6744,y1,,,,,,,,,11.4,76.9,,
6748,4_init,2025-06-03,0.65,47.398,37.637,422.041,0.089,14.0,E3/E3,,,,0.0
6748,bl,,,,,,,,,13.4,73.1,,
6750,4_init,2025-03-11,0.65,44.623,42.148,435.739,0.097,10.0,E3/E3,,,,0.0
6750,bl,,,,,,,,,12.3,105.6,,
6751,4_init,2024-07-24,0.65,50.667,44.777,412.213,0.109,5.0,E3/E4,12.8,148.3,,1.0
6751,bl,,,,,,,,,11.5,52.0,,
6754,bl,,,,,,,,,42.9,186.6,,
6755,bl,,,,,,,,,29.1,167.2,,
6757,bl,,,,,,,,,12.8,179.5,,
6760,4_init,2024-07-01,1.632,55.446,41.288,473.376,0.087,28.0,E3/E3,23.5,63.9,,0.0
6760,y1,,,,,,,,,59.5,114.7,,
6761,bl,,,,,,,,,11.0,56.8,,
6763,bl,,,,,,,,,22.5,233.9,,
6765,4_init,2024-02-20,13.355,186.402,72.044,692.068,0.104,59.0,E3/E3,41.9,224.7,,0.0
6765,y2,,,,,,,,,27.0,176.4,,
6768,bl,,,,,,,,,17.2,216.5,,
6770,bl,,,,,,,,,35.8,177.5,,
6771,bl,,,,,,,,,20.1,172.4,,
6773,4_init,2023-12-06,0.65,18.468,43.434,442.769,0.098,23.0,E3/E3,7.49,74.21,,0.0
6773,bl,,,,,,,,,10.2,72.9,,
6775,bl,,,,,,,,,24.7,169.5,,
6777,y2,,,,,,,,,19.7,153.3,,
6779,y1,,,,,,,,,18.8,139.1,,
6784,y2,,,,,,,,,43.3,117.7,,
6785,4_init,2024-03-15,0.65,61.969,60.544,491.254,0.123,2.0,E3/E3,14.0,120.3,,0.0
6785,y2,,,,,,,,,11.9,76.7,,
6786,4_init,2024-07-31,1.981,132.125,49.017,600.075,0.082,19.0,E3/E3,38.4,448.8,,0.0
6786,y1,,,,,,,,,33.9,346.5,,
6788,4_init,2024-09-26,12.422,66.578,45.119,484.973,0.093,100.0,E3/E4,18.7,376.8,,1.0
6788,y2,,,,,,,,,21.4,257.6,,
6789,4_init,2024-03-20,7.282,95.841,58.367,501.129,0.116,49.0,E3/E3,80.4,426.6,,0.0
6789,y1,,,,,,,,,40.3,325.6,,
6790,4_init,2024-03-25,0.65,60.878,39.967,418.448,0.096,9.0,E3/E3,16.5,231.1,,0.0
6790,4_m12,2025-07-28,0.65,58.39,59.32,628.988,0.094,10.0,E3/E3,,,,0.0
6790,bl,,,,,,,,,19.5,163.6,,
6790,y1,,,,,,,,,11.4,178.3,,
6796,y1,,,,,,,,,30.5,242.6,,
6797,4_init,2024-10-23,0.65,33.254,30.424,291.688,0.104,9.0,E3/E4,6.25,84.04,,1.0
6797,4_m12,2025-04-23,0.65,26.11,35.064,323.884,0.108,10.0,E3/E4,,,,1.0
6797,bl,,,,,,,,,9.3,63.9,,
6798,sc,,,,,,,,,13.9,148.5,,
6800,y1,,,,,,,,,36.5,336.3,,
6801,y1,,,,,,,,,9.7,110.3,,
6802,bl,,,,,,,,,7.6,46.4,,
6803,bl,,,,,,,,,31.1,151.2,,
6804,4_init,2024-12-03,1.41,50.577,38.902,385.814,0.101,15.0,E3/E3,21.5,175.2,,0.0
6804,bl,,,,,,,,,12.6,99.3,,
6805,bl,,,,,,,,,22.7,267.3,,
6809,4_init,2024-05-08,5.208,75.44,34.524,421.212,0.082,79.0,E3/E4,28.2,371.6,,1.0
6809,bl,,,,,,,,,23.2,185.1,,
6810,y2,,,,,,,,,19.8,243.1,,
6811,4_init,2025-03-19,6.011,95.891,45.783,475.526,0.096,57.0,E3/E3,,,,0.0
6811,bl,,,,,,,,,10.0,100.2,,
6813,4_init,2024-11-11,0.65,53.152,48.338,433.308,0.112,5.0,E2/E3,7.42,73.19,,0.0
6813,bl,,,,,,,,,8.7,55.3,,
6816,4_init,2023-12-13,0.65,37.493,42.807,416.204,0.103,9.0,E3/E4,17.2,186.2,,1.0
6816,4_m12,2024-12-09,1.975,60.625,48.415,522.717,0.093,26.0,E3/E4,32.1,260.1,,1.0
6816,bl,,,,,,,,,15.4,145.4,,
6820,bl,,,,,,,,,34.3,350.3,,
6822,bl,,,,,,,,,8.3,33.1,,
6825,y1,,,,,,,,,26.2,255.1,,
6828,bl,,,,,,,,,18.4,165.4,,
6830,bl,,,,,,,,,38.8,299.3,,
6831,4_init,2024-07-10,1.778,52.485,36.442,404.828,0.09,29.0,E4/E4,11.3,177.3,,2.0
6832,bl,,,,,,,,,28.3,180.1,,
6833,bl,,,,,,,,,30.6,345.6,,
6834,bl,,,,,,,,,14.6,310.0,,
6837,y1,,,,,,,,,12.4,69.2,,
6839,y1,,,,,,,,,27.6,240.2,,
6840,bl,,,,,,,,,16.2,188.2,,
6842,4_init,2024-10-03,2.347,103.14,71.973,640.856,0.112,7.0,E2/E3,22.1,172.5,,0.0
6842,bl,,,,,,,,,24.6,84.5,,
6843,bl,,,,,,,,,21.4,219.0,,
6844,4_init,2024-11-13,8.279,90.506,45.643,545.616,0.084,91.0,E3/E4,36.8,278.8,,1.0
6845,y1,,,,,,,,,13.6,87.0,,
6846,bl,,,,,,,,,19.6,162.7,,
6847,bl,,,,,,,,,12.4,59.7,,
6848,bl,,,,,,,,,13.1,75.2,,
6849,bl,,,,,,,,,39.3,303.3,,
6850,y1,,,,,,,,,64.3,232.6,,
6852,bl,,,,,,,,,19.7,152.4,,
6854,y2,,,,,,,,,65.9,1783.0,,
6857,4_init,2024-05-20,0.65,50.57,39.61,420.684,0.094,11.0,E3/E4,23.6,134.4,,1.0
6857,4_m12,2025-05-13,0.65,59.141,39.833,411.595,0.097,9.0,E3/E4,,,,1.0
6860,bl,,,,,,,,,41.6,139.0,,
6861,4_init,2025-06-16,1.54,29.956,38.509,422.661,0.091,49.0,E2/E3,,,,0.0
6861,y1,,,,,,,,,18.0,98.8,,
6863,y1,,,,,,,,,20.9,159.3,,
6869,4_init,2025-03-31,6.458,104.083,70.047,674.786,0.104,47.0,E3/E4,,,,1.0
6869,y1,,,,,,,,,37.6,213.2,,
6871,4_init,2024-08-08,0.65,112.131,97.345,140.341,0.694,0.0,E3/E3,17.3,156.1,,0.0
6871,bl,,,,,,,,,12.8,142.9,,
6872,4_init,2024-10-24,0.65,37.385,43.022,360.282,0.119,4.0,E3/E4,8.62,63.1,,1.0
6872,bl,,,,,,,,,10.1,36.4,,
6875,bl,,,,,,,,,37.7,83.6,,
6877,bl,,,,,,,,,27.7,219.7,,
6878,4_init,2024-04-30,5.269,50.976,36.89,431.119,0.086,95.0,E3/E3,21.2,149.5,,0.0
6878,bl,,,,,,,,,19.8,137.7,,
6880,bl,,,,,,,,,15.1,111.5,,
6883,bl,,,,,,,,,21.5,128.9,,
6884,bl,,,,,,,,,23.9,252.0,,
6885,4_init,2024-10-24,5.965,74.512,42.517,476.769,0.089,82.0,E3/E4,24.4,342.8,,1.0
6885,bl,,,,,,,,,16.4,234.5,,
6886,bl,,,,,,,,,29.9,160.9,,
6887,4_init,2024-06-17,12.253,107.79,50.028,605.991,0.083,97.0,E3/E3,46.9,509.8,,0.0
6887,bl,,,,,,,,,38.6,538.2,,
6888,4_init,2023-11-30,2.875,61.571,52.783,535.129,0.099,34.0,E3/E3,19.7,281.5,,0.0
6888,4_m12,2024-11-25,4.333,66.369,52.741,569.235,0.093,64.0,E3/E3,17.6,297.9,,0.0
6888,bl,,,,,,,,,23.6,288.1,,
6889,4_init,2023-10-16,1.442,66.167,45.973,419.812,0.11,8.0,E3/E3,24.8,159.1,,0.0
6889,4_m12,2024-10-02,0.65,64.269,45.164,434.287,0.104,6.0,E3/E3,21.4,84.47,,0.0
6889,bl,,,,,,,,,32.4,180.8,,
6890,4_init,2023-12-06,0.65,62.269,31.81,331.841,0.096,9.0,E3/E4,10.9,130.9,,1.0
6890,4_m12,2024-12-10,1.472,51.503,36.967,404.729,0.091,23.0,E3/E4,10.6,132.6,,1.0
6890,bl,,,,,,,,,12.3,94.0,,
6891,bl,,,,,,,,,34.3,196.5,,
6891,y1,,,,,,,,,34.6,201.0,,
6894,bl,,,,,,,,,24.6,130.2,,
6896,4_init,2024-03-28,0.65,35.712,46.013,420.581,0.109,7.0,E2/E3,7.39,146.4,,0.0
6896,4_m12,2025-04-09,0.65,32.417,45.399,455.775,0.1,11.0,E2/E3,,,,0.0
6896,bl,,,,,,,,,7.0,126.5,,
6897,bl,,,,,,,,,9.3,40.8,,
6899,bl,,,,,,,,,20.6,137.6,,
6901,bl,,,,,,,,,12.7,109.3,,
6903,4_init,2024-04-23,0.65,70.839,52.776,488.686,0.108,5.0,E2/E3,19.5,183.6,,0.0
6903,4_m12,2025-05-05,0.65,70.507,45.271,481.027,0.094,9.0,E2/E3,,,,0.0
6906,4_init,2024-02-28,0.65,44.684,15.261,98.146,0.155,1.0,E3/E3,8.09,56.29,,0.0
6906,4_m12,2025-03-10,0.65,42.608,43.105,460.285,0.094,12.0,E3/E3,,,,0.0
6907,4_init,2024-07-09,1.436,56.226,51.959,530.961,0.098,16.0,E3/E3,7.3,131.9,,0.0
6907,bl,,,,,,,,,14.7,175.1,,
6908,4_init,2024-07-22,19.358,112.997,55.733,603.951,0.092,100.0,E3/E3,73.1,550.0,,0.0
6910,bl,,,,,,,,,15.1,200.6,,
6911,bl,,,,,,,,,50.0,185.2,,
6914,4_init,2023-11-08,0.65,70.162,55.527,482.472,0.115,3.0,E3/E4,17.8,115.6,,1.0
6914,bl,,,,,,,,,13.6,99.2,,
6915,bl,,,,,,,,,21.1,155.0,,
6916,4_m12,2025-07-18,4.511,55.929,41.395,491.895,0.084,86.0,E3/E4,,,,1.0
6916,bl,,,,,,,,,25.4,154.5,,
6917,4_init,2024-12-03,2.214,79.192,45.979,521.127,0.088,25.0,E4/E4,8.62,149.3,,2.0
6917,y1,,,,,,,,,7.2,94.8,,
6918,bl,,,,,,,,,10.7,87.8,,
6919,4_init,2024-01-29,5.24,75.904,44.778,527.683,0.085,76.0,E3/E3,23.3,302.3,,0.0
6919,4_m12,2025-02-13,4.4,63.179,45.054,518.938,0.087,75.0,E3/E3,22.8,203.3,,0.0
6920,4_init,2024-04-10,0.65,36.264,36.653,328.519,0.112,6.0,E3/E3,8.33,77.03,,0.0
6920,4_m12,2025-04-29,0.65,33.964,42.63,396.372,0.108,8.0,E3/E3,,,,0.0
6924,bl,,,,,,,,,25.9,265.8,,
6925,4_init,2024-06-13,0.65,60.478,36.03,339.535,0.106,6.0,E2/E3,11.2,154.2,,0.0
6925,bl,,,,,,,,,10.9,126.4,,
6926,4_init,2024-04-03,0.65,41.119,53.606,476.634,0.112,5.0,E3/E3,11.3,177.7,,0.0
6926,4_m12,2025-05-14,1.583,47.48,58.327,538.147,0.108,14.0,E3/E3,,,,0.0
6926,bl,,,,,,,,,40.2,229.5,,
6927,4_init,2024-12-09,7.228,67.93,43.884,471.486,0.093,93.0,E2/E3,15.7,315.6,,0.0
6927,y1,,,,,,,,,22.9,398.5,,
6929,4_init,2024-07-31,0.65,56.265,51.615,461.375,0.112,4.0,E3/E3,7.97,51.36,,0.0
6929,4_m12,2025-05-27,0.65,57.964,53.832,468.777,0.115,4.0,E3/E3,,,,0.0
6929,bl,,,,,,,,,10.8,78.2,,
6931,4_init,2024-08-07,0.65,42.34,44.817,433.564,0.103,8.0,E3/E3,10.9,172.3,,0.0
6931,bl,,,,,,,,,11.8,142.4,,
6934,4_init,2024-02-21,0.65,54.502,27.513,214.903,0.128,2.0,E3/E4,77.7,144.4,,1.0
6934,4_m12,2025-03-12,0.65,33.608,32.499,330.629,0.098,12.0,E3/E4,,,,1.0
6935,4_init,2024-04-17,1.417,57.255,48.813,575.343,0.085,25.0,E3/E3,11.3,136.9,,0.0
6935,4_m12,2025-04-08,0.65,55.186,52.359,509.738,0.103,7.0,E3/E3,,,,0.0
6939,bl,,,,,,,,,19.7,117.0,,
6940,4_init,2023-11-28,0.65,38.681,37.438,346.804,0.108,7.0,E3/E3,10.4,72.16,,0.0
6940,bl,,,,,,,,,11.3,67.1,,
6941,4_init,2024-01-17,4.159,89.796,46.265,467.56,0.099,34.0,E3/E3,16.2,127.6,,0.0
6941,bl,,,,,,,,,17.9,86.0,,
6942,bl,,,,,,,,,17.1,235.3,,
6943,bl,,,,,,,,,19.5,234.4,,
6944,bl,,,,,,,,,29.9,302.4,,
6947,4_init,2024-05-29,0.65,53.693,45.657,522.074,0.087,14.0,E3/E3,15.8,152.3,,0.0
6947,4_m12,2025-06-04,0.65,62.302,45.595,528.456,0.086,13.0,E3/E3,,,,0.0
6947,bl,,,,,,,,,14.6,111.4,,
6948,bl,,,,,,,,,13.6,173.8,,
6950,4_init,2024-07-16,1.906,66.728,58.345,552.101,0.106,13.0,E3/E3,21.7,144.9,,0.0
6950,bl,,,,,,,,,17.3,151.1,,
6951,bl,,,,,,,,,7.7,59.2,,
6952,4_init,2024-09-05,3.167,30.208,45.891,505.382,0.091,94.0,E2/E3,11.2,244.2,,0.0
6952,bl,,,,,,,,,12.4,199.7,,
6956,4_init,2025-08-28,1.372,57.723,33.58,265.64,0.126,4.0,E2/E3,,,,0.0
6956,bl,,,,,,,,,16.2,128.8,,
6957,4_init,2024-09-23,0.65,72.334,41.01,452.188,0.091,10.0,E3/E4,13.4,220.0,,1.0
6957,bl,,,,,,,,,15.9,229.4,,
6958,4_init,2024-09-23,0.65,49.443,41.26,422.006,0.098,9.0,E3/E3,9.2,68.3,,0.0
6958,bl,,,,,,,,,18.8,176.9,,
6960,bl,,,,,,,,,24.3,132.9,,
6961,4_init,2024-10-15,0.65,45.834,52.046,389.974,0.133,2.0,E3/E3,9.99,95.31,,0.0
6961,bl,,,,,,,,,17.2,142.4,,
6962,bl,,,,,,,,,65.3,637.8,,
6962,y1,,,,,,,,,92.5,789.9,,
6963,4_init,2024-11-25,0.65,42.477,38.624,404.092,0.096,11.0,E3/E3,,,,0.0
6963,bl,,,,,,,,,5.9,68.1,,
6964,bl,,,,,,,,,42.6,318.5,,
6965,4_init,2024-09-04,2.436,82.36,51.538,564.233,0.091,24.0,E2/E3,24.3,419.1,,0.0
6965,bl,,,,,,,,,27.1,466.4,,
6966,4_init,2024-04-05,0.65,41.958,39.803,376.946,0.106,7.0,E3/E3,22.6,178.4,,0.0
6966,bl,,,,,,,,,24.9,125.7,,
6969,4_init,2024-07-17,7.826,79.465,33.306,393.355,0.085,93.0,E3/E4,25.2,562.9,,1.0
6969,4_m12,2025-07-17,4.348,60.442,33.889,389.264,0.087,77.0,E3/E4,,,,1.0
6969,bl,,,,,,,,,28.9,430.7,,
6969,y1,,,,,,,,,22.4,384.3,,
6974,bl,,,,,,,,,11.3,193.7,,
6976,4_m12,2025-07-08,0.65,38.293,41.875,435.842,0.096,12.0,E3/E3,,,,0.0
6976,y1,,,,,,,,,6.3,37.0,,
6977,bl,,,,,,,,,5.1,77.0,,
6978,4_init,2023-10-19,3.426,81.4,56.118,602.653,0.093,35.0,E3/E3,18.3,406.7,,0.0
6978,4_m12,2024-10-08,2.412,67.768,56.841,641.638,0.089,33.0,E3/E3,18.7,246.2,,0.0
6978,y1,,,,,,,,,19.3,309.7,,
6981,bl,,,,,,,,,14.5,213.5,,
6986,bl,,,,,,,,,21.2,189.1,,
6987,4_init,2024-03-25,0.65,67.45,56.221,461.354,0.122,2.0,E3/E4,7.24,176.8,,1.0
6987,bl,,,,,,,,,10.4,167.2,,
6988,4_init,2024-02-27,0.65,46.119,46.31,471.553,0.098,9.0,E4/E4,17.5,323.4,,2.0
6988,4_m12,2025-03-26,0.65,46.369,56.799,529.638,0.107,6.0,E4/E4,,,,2.0
6988,bl,,,,,,,,,15.4,241.2,,
6989,4_init,2025-01-08,3.712,56.11,35.981,340.889,0.106,50.0,E2/E4,14.6,143.3,,1.0
6989,bl,,,,,,,,,21.0,194.7,,
6991,bl,,,,,,,,,23.2,157.9,,
6992,bl,,,,,,,,,11.9,176.8,,
6993,4_init,2025-04-10,0.65,47.307,51.34,503.84,0.102,8.0,E3/E4,,,,1.0
6994,4_init,2023-10-31,0.65,40.129,32.281,342.119,0.094,12.0,E2/E4,6.45,98.91,,1.0
6994,4_m12,2024-11-08,0.65,34.441,33.784,364.176,0.093,15.0,E2/E4,7.36,46.71,,1.0
6994,bl,,,,,,,,,8.9,108.1,,
6995,4_init,2024-12-04,0.65,44.55,44.449,398.086,0.112,5.0,E3/E3,13.7,228.1,,0.0
6995,bl,,,,,,,,,10.7,166.3,,
6996,4_init,2025-05-15,0.65,49.22,43.476,404.365,0.108,6.0,E3/E3,,,,0.0
6996,bl,,,,,,,,,11.3,124.5,,
6998,4_init,2023-09-25,0.65,52.24,39.493,423.078,0.093,11.0,E2/E3,11.7,105.5,,0.0
6999,4_init,2024-09-16,1.968,28.888,36.547,410.115,0.089,71.0,E3/E3,11.1,135.5,,0.0
6999,y2,,,,,,,,,12.6,182.2,,
7000,bl,,,,,,,,,68.3,728.8,,
7001,bl,,,,,,,,,29.2,274.3,,
7003,bl,,,,,,,,,28.6,290.3,,
7004,4_init,2023-11-29,0.65,23.269,36.018,281.947,0.128,5.0,E3/E3,10.1,108.4,,0.0
7004,bl,,,,,,,,,12.5,82.1,,
7006,4_init,2024-06-03,0.65,41.86,49.586,448.38,0.111,6.0,E3/E3,4.64,97.99,,0.0
7007,bl,,,,,,,,,11.9,132.4,,
7008,4_init,2024-10-28,0.65,59.606,49.808,431.351,0.115,4.0,E3/E3,10.9,159.0,,0.0
7008,bl,,,,,,,,,14.8,159.8,,
7010,4_init,2024-12-16,1.758,48.438,36.589,375.599,0.097,25.0,E3/E4,11.4,120.5,,1.0
7010,bl,,,,,,,,,11.8,91.3,,
7011,4_init,2024-07-31,0.65,58.161,34.882,366.66,0.095,9.0,E3/E4,6.31,73.88,,1.0
7011,bl,,,,,,,,,8.9,98.0,,
7013,bl,,,,,,,,,27.8,177.2,,
7015,4_init,2024-11-19,2.274,94.51,55.195,582.436,0.095,17.0,E3/E4,25.6,144.4,,1.0
7015,y1,,,,,,,,,24.6,102.5,,
7016,4_init,2024-11-19,0.65,31.763,39.618,395.378,0.1,11.0,E3/E4,5.49,51.33,,1.0
7016,bl,,,,,,,,,6.0,46.5,,
7019,bl,,,,,,,,,16.7,167.7,,
7020,4_init,2024-10-11,1.421,33.425,33.191,365.798,0.091,38.0,E4/E4,9.8,81.13,,2.0
7020,bl,,,,,,,,,9.3,68.5,,
7021,4_init,2024-07-16,8.37,55.762,29.901,354.59,0.084,100.0,E3/E4,16.2,239.9,,1.0
7021,sc,,,,,,,,,13.8,178.0,,
7023,bl,,,,,,,,,26.5,153.1,,
7024,4_init,2024-11-07,0.65,82.678,69.118,528.133,0.131,1.0,E3/E3,20.3,196.8,,0.0
7024,bl,,,,,,,,,18.8,158.5,,
7025,4_init,2025-05-07,0.65,36.648,47.091,457.415,0.103,9.0,E3/E3,,,,0.0
7025,bl,,,,,,,,,24.6,118.5,,
7027,sc,,,,,,,,,16.4,138.5,,
7029,4_init,2025-05-01,0.65,77.019,47.492,455.476,0.104,5.0,E3/E3,,,,0.0
7029,bl,,,,,,,,,14.1,120.2,,
7031,bl,,,,,,,,,14.7,134.0,,
7032,4_init,2024-02-15,5.698,22.0,41.615,507.806,0.082,100.0,E3/E3,33.1,533.0,,0.0
7032,4_m12,2025-02-03,6.518,79.162,28.946,317.73,0.091,82.0,E3/E3,30.2,387.0,,0.0
7032,bl,,,,,,,,,31.0,467.0,,
7033,bl,,,,,,,,,15.5,101.4,,
7035,bl,,,,,,,,,8.1,82.8,,
7037,4_init,2024-06-24,0.65,20.358,38.337,388.552,0.099,20.0,E3/E3,5.9,79.85,,0.0
7037,4_m12,2025-06-23,0.65,26.444,42.861,404.106,0.106,11.0,E3/E3,,,,0.0
7041,bl,,,,,,,,,15.3,137.6,,
7042,4_init,2024-05-13,0.65,46.922,42.701,402.944,0.106,6.0,E2/E3,14.9,104.9,,0.0
7042,4_m12,2025-05-12,0.65,43.96,35.376,355.897,0.099,9.0,E2/E3,,,,0.0
7042,bl,,,,,,,,,12.1,112.6,,
7043,4_init,2024-03-18,1.678,40.728,37.506,335.646,0.112,17.0,E3/E4,11.4,189.7,,1.0
7043,bl,,,,,,,,,10.5,126.3,,
7045,4_init,2023-10-31,0.65,60.279,46.115,403.648,0.114,4.0,E3/E4,16.4,171.6,,1.0
7045,4_m12,2025-03-19,0.65,62.081,40.365,441.795,0.091,11.0,E3/E4,,,,1.0
7045,bl,,,,,,,,,15.3,119.9,,
7046,4_init,2025-02-18,0.65,45.217,49.225,469.887,0.105,7.0,E3/E4,10.7,183.9,,1.0
7046,bl,,,,,,,,,14.8,173.9,,
7048,bl,,,,,,,,,18.0,168.4,,
7049,bl,,,,,,,,,11.8,107.7,,
7050,4_init,2024-06-11,0.65,71.982,41.495,423.879,0.098,7.0,E3/E3,7.89,103.1,,0.0
7050,bl,,,,,,,,,7.2,68.9,,
7051,4_init,2024-05-29,6.649,69.858,39.41,422.598,0.093,89.0,E2/E3,18.1,235.9,,0.0
7051,4_m12,2025-06-09,6.675,61.087,38.278,406.36,0.094,94.0,E2/E3,,,,0.0
7054,bl,,,,,,,,,60.5,381.3,,
7055,4_init,2023-10-30,1.968,60.355,37.795,449.975,0.084,35.0,E3/E3,14.1,213.9,,0.0
7055,4_m12,2024-10-24,2.198,58.635,44.394,484.155,0.092,32.0,E3/E3,11.9,123.5,,0.0
7055,bl,,,,,,,,,15.5,138.4,,
7059,4_init,2024-09-04,0.65,40.31,38.292,356.158,0.108,7.0,E3/E4,6.04,107.2,,1.0
7059,4_m12,2025-08-06,0.65,40.379,38.023,393.46,0.097,11.0,E3/E4,,,,1.0
7059,bl,,,,,,,,,6.5,76.1,,
7060,4_init,2025-03-25,5.889,133.788,77.371,718.697,0.108,23.0,E3/E3,,,,0.0
7060,bl,,,,,,,,,208.0,227.0,,
7061,bl,,,,,,,,,8.1,48.9,,
7062,4_init,2024-02-27,0.65,33.674,52.409,476.051,0.11,7.0,E3/E3,8.27,110.0,,0.0
7062,4_m12,2025-03-12,0.65,41.478,48.362,489.87,0.099,10.0,E3/E3,,,,0.0
7062,bl,,,,,,,,,10.6,91.2,,
7066,bl,,,,,,,,,73.0,265.9,,
7068,4_init,2025-05-19,0.65,50.997,49.439,440.0,0.112,5.0,E3/E3,,,,0.0
7068,bl,,,,,,,,,16.9,90.7,,
7070,4_init,2024-04-24,1.569,77.949,45.629,548.148,0.083,23.0,E3/E3,36.8,140.6,,0.0
7070,4_m12,2025-04-30,0.65,65.232,56.294,628.345,0.09,11.0,E3/E3,,,,0.0
7071,4_init,2024-11-11,0.65,41.435,53.445,477.183,0.112,5.0,E3/E3,10.2,94.05,,0.0
7071,bl,,,,,,,,,11.7,88.1,,
7073,4_init,2024-06-05,0.65,69.645,54.836,659.927,0.083,15.0,E3/E3,27.7,378.4,,0.0
7073,4_m12,2025-06-02,2.064,79.993,53.06,546.419,0.097,16.0,E3/E3,,,,0.0
7074,4_init,2023-09-19,0.65,52.104,55.625,550.164,0.101,8.0,E3/E3,19.2,100.4,,0.0
7076,4_init,2024-10-24,1.621,34.141,39.033,346.946,0.113,22.0,E3/E4,10.3,135.4,,1.0
7076,bl,,,,,,,,,12.7,141.1,,
7079,4_init,2024-06-17,2.827,68.608,45.226,529.688,0.085,43.0,E3/E4,32.5,459.5,,1.0
7079,bl,,,,,,,,,32.0,371.2,,
7082,4_init,2023-09-20,0.65,44.215,61.84,423.395,0.146,1.0,E3/E3,11.3,148.6,,0.0
7082,4_m12,2024-10-01,0.65,53.823,56.442,461.806,0.122,3.0,E3/E3,12.7,114.6,,0.0
7083,4_init,2025-06-10,0.65,37.324,50.737,523.534,0.097,11.0,E3/E3,,,,0.0
7083,bl,,,,,,,,,25.6,75.9,,
7085,bl,,,,,,,,,10.3,71.4,,
7086,4_init,2025-06-26,6.704,48.178,39.369,488.479,0.081,99.0,E3/E4,,,,1.0
7086,bl,,,,,,,,,21.1,157.7,,
7088,4_init,2024-07-17,4.482,86.336,35.266,417.158,0.085,58.0,E3/E4,19.3,194.6,,1.0
7088,4_m12,2025-07-09,0.65,57.943,47.31,495.75,0.095,9.0,E3/E4,,,,1.0
7088,bl,,,,,,,,,15.5,142.6,,
7089,4_init,2024-01-29,-4.0,-4.0,35.028,335.577,0.104,-4.0,E4/E4,7.98,194.7,,2.0
7089,4_m12,2025-03-19,1.465,42.322,33.572,374.542,0.09,31.0,E4/E4,,,,2.0
7089,bl,,,,,,,,,13.4,202.4,,
7092,4_init,2023-10-12,0.65,33.582,-4.0,-4.0,-4.0,-4.0,E3/E3,11.3,202.7,,0.0
7092,4_m12,2024-10-01,0.65,58.011,46.74,420.969,0.111,4.0,E3/E3,8.54,125.3,,0.0
7092,bl,,,,,,,,,11.2,141.2,,
7100,4_init,2023-09-11,1.69,47.483,46.729,416.458,0.112,13.0,E4/E4,11.4,130.7,,2.0
7100,4_m12,2024-10-02,1.538,50.639,48.453,444.156,0.109,12.0,E4/E4,10.8,108.0,,2.0
7100,bl,,,,,,,,,14.7,151.1,,
7105,4_init,2024-10-09,16.986,83.474,63.791,662.283,0.096,100.0,E3/E3,29.2,643.4,,0.0
7105,bl,,,,,,,,,24.9,333.6,,
7114,4_init,2023-11-07,0.65,73.993,62.178,466.186,0.133,1.0,E3/E4,22.1,175.6,,1.0
7114,4_m12,2024-10-31,0.65,54.896,54.856,471.937,0.116,4.0,E3/E4,11.2,86.05,,1.0
7114,bl,,,,,,,,,10.1,80.4,,
7117,4_init,2024-02-13,0.65,35.87,39.718,436.603,0.091,15.0,E3/E3,12.6,167.0,,0.0
7117,4_m12,2025-03-12,0.65,31.478,53.007,496.823,0.107,9.0,E3/E3,,,,0.0
7121,4_init,2024-03-12,2.362,38.534,36.033,421.585,0.085,68.0,E4/E4,8.79,123.6,,2.0
7121,4_m12,2025-03-19,3.801,49.718,41.469,462.576,0.09,79.0,E4/E4,,,,2.0
7121,bl,,,,,,,,,10.4,115.4,,
7122,4_init,2024-05-15,0.65,41.149,42.883,410.186,0.105,8.0,E3/E4,15.6,139.3,,1.0
7122,4_m12,2025-06-23,0.65,50.114,43.441,427.465,0.102,8.0,E3/E4,,,,1.0
7122,bl,,,,,,,,,18.7,131.9,,
7123,4_init,2024-04-16,2.996,47.574,38.82,368.445,0.105,46.0,E3/E4,17.8,390.7,,1.0
7123,bl,,,,,,,,,20.8,249.3,,
7125,4_init,2024-08-21,1.909,42.591,34.172,267.638,0.128,10.0,E3/E4,,,,1.0
10001,4_bl,2023-10-03,3.019,57.146,45.346,441.095,0.103,37.0,E3/E4,24.3,242.1,,1.0
10001,4_m12,2024-10-16,3.903,56.249,46.6,453.188,0.103,57.0,E3/E4,23.8,219.7,,1.0
10002,4_bl,2023-09-19,2.101,49.693,36.77,331.061,0.111,18.0,E3/E4,18.0,241.5,,1.0
10002,4_m12,2024-09-09,2.418,49.31,39.246,398.849,0.098,37.0,E3/E4,13.9,120.6,,1.0
10003,4_bl,2023-09-20,8.798,72.29,47.601,541.103,0.088,98.0,E3/E4,18.0,194.1,,1.0
10003,4_m12,2024-09-11,6.261,56.803,56.06,634.883,0.088,96.0,E3/E4,18.6,174.0,,1.0
10004,4_bl,2023-10-04,3.606,53.668,40.063,412.426,0.097,61.0,E3/E4,14.7,110.2,,1.0
10005,4_bl,2023-10-04,2.907,61.936,44.223,412.243,0.107,26.0,E3/E4,17.2,208.8,,1.0
10005,4_m12,2024-10-09,3.553,70.811,48.732,485.411,0.1,36.0,E3/E4,17.2,202.7,,1.0
10006,4_bl,2023-11-08,0.65,58.641,49.259,447.52,0.11,5.0,E3/E3,13.5,194.7,,0.0
10008,4_bl,2023-10-24,1.413,60.158,51.674,466.623,0.111,8.0,E4/E4,15.1,133.5,,2.0
10008,4_m12,2024-10-07,1.466,72.415,55.216,538.9,0.102,10.0,E4/E4,14.6,152.3,,2.0
10009,4_bl,2023-10-24,0.65,63.593,58.007,438.28,0.132,2.0,E3/E3,17.7,182.8,,0.0
10009,4_m12,2025-01-15,0.65,62.413,55.537,444.915,0.125,2.0,E3/E3,19.0,142.6,,0.0
10011,4_bl,2023-10-18,1.599,52.762,39.547,413.228,0.096,21.0,E3/E3,17.8,178.03,,0.0
10011,4_m12,2024-10-17,1.693,52.664,39.526,390.403,0.101,18.0,E3/E3,17.1,216.6,,0.0
10016,4_bl,2023-11-21,0.65,59.757,35.262,287.963,0.122,3.0,E3/E3,11.7,257.4,,0.0
10016,4_m12,2024-10-28,0.65,46.433,44.63,382.449,0.117,4.0,E3/E3,20.3,306.5,,0.0
10017,4_bl,2023-10-24,0.65,56.212,57.166,455.954,0.125,2.0,E2/E3,11.1,136.4,,0.0
10017,4_m12,2024-12-02,0.65,44.879,49.419,435.992,0.113,5.0,E2/E3,,,,0.0
10021,4_bl,2024-01-03,6.791,92.315,32.923,427.763,0.077,86.0,E3/E4,21.1,381.2,,1.0
10021,4_m12,2024-12-04,5.466,71.903,38.497,459.016,0.084,83.0,E3/E4,22.7,370.4,,1.0
10023,4_bl,2024-01-31,9.726,61.792,42.866,403.75,0.106,99.0,E3/E4,24.3,435.3,,1.0
10024,4_bl,2024-02-19,8.402,98.873,44.252,557.058,0.079,90.0,E3/E4,17.4,207.4,,1.0
10025,4_bl,2024-01-17,10.089,62.183,46.856,579.021,0.081,100.0,E3/E3,21.6,427.9,,0.0
10025,4_m12,2024-12-10,10.856,61.352,48.218,532.494,0.091,100.0,E3/E3,24.0,419.4,,0.0
10027,4_bl,2024-01-29,7.789,97.28,50.503,518.846,0.097,75.0,E4/E4,34.0,440.7,,2.0
10027,4_m12,2025-02-10,7.882,63.132,51.536,539.66,0.095,97.0,E4/E4,32.4,336.5,,2.0
10028,4_bl,2024-02-14,0.65,32.292,35.492,380.293,0.093,15.0,E3/E4,22.8,128.5,,1.0
10029,4_bl,2024-03-26,1.518,137.496,65.551,886.929,0.074,23.0,E3/E3,30.3,328.9,,0.0
10029,4_m12,2025-03-31,1.853,102.786,57.134,587.023,0.097,12.0,E3/E3,,,,0.0
10030,4_bl,2024-01-31,0.65,42.657,47.815,448.578,0.107,7.0,E2/E3,14.5,157.7,,0.0
10031,4_bl,2024-01-17,0.65,36.791,40.87,398.039,0.103,9.0,E3/E3,8.75,115.2,,0.0
10034,4_bl,2024-02-21,0.65,74.32,59.354,466.073,0.127,2.0,E3/E4,18.7,164.6,,1.0
10036,4_bl,2024-07-10,0.65,55.371,43.006,463.923,0.093,11.0,E3/E3,14.3,64.6,,0.0
10036,4_m12,2025-07-18,0.65,68.573,47.621,441.361,0.108,5.0,E3/E3,,,,0.0
10038,4_bl,2024-03-07,3.544,67.169,59.141,629.287,0.094,47.0,E3/E3,19.2,217.1,,0.0
10038,4_m12,2025-02-17,2.393,66.909,52.952,594.942,0.089,33.0,E3/E3,16.0,222.4,,0.0
10039,4_bl,2024-02-28,2.633,46.811,39.73,370.313,0.107,36.0,E2/E4,12.5,183.8,,1.0
10039,4_m12,2025-02-11,2.421,40.716,33.547,352.13,0.095,54.0,E2/E4,13.2,146.4,,1.0
10041,4_bl,2024-07-23,0.65,68.506,40.022,397.914,0.101,7.0,E3/E4,7.88,100.3,,1.0
10042,4_bl,2024-03-21,0.65,27.62,37.578,362.877,0.104,11.0,E3/E3,9.45,57.69,,0.0
10046,4_bl,2024-06-26,5.898,54.44,61.06,613.527,0.1,92.0,E3/E4,33.4,396.3,,1.0
10047,4_bl,2024-02-28,0.65,56.366,48.277,437.296,0.11,5.0,E3/E4,35.6,325.5,,1.0
10047,4_m12,2025-04-14,0.65,41.625,48.844,424.888,0.115,5.0,E3/E4,,,,1.0
10048,4_bl,2024-02-28,1.779,35.698,60.177,535.817,0.112,24.0,E3/E3,24.0,363.4,,0.0
10048,4_m12,2025-02-12,2.893,43.278,45.788,491.95,0.093,66.0,E3/E3,20.6,226.4,,0.0
10049,4_bl,2024-03-05,3.609,74.764,-4.0,-4.0,-4.0,-4.0,E3/E3,36.0,211.5,,0.0
10049,4_m12,2025-03-03,2.879,77.674,42.355,425.124,0.1,23.0,E3/E3,31.5,160.9,,0.0
10050,4_bl,2024-06-26,3.576,80.93,46.755,513.155,0.091,40.0,E4/E4,20.5,317.4,,2.0
10051,4_bl,2024-02-20,3.639,52.385,45.708,469.797,0.097,64.0,E4/E4,30.7,603.1,,2.0
10051,4_m12,2025-02-19,2.398,55.96,49.123,528.58,0.093,36.0,E4/E4,19.3,444.3,,2.0
10052,4_bl,2024-02-27,12.691,91.937,53.596,561.494,0.095,98.0,E3/E3,32.3,563.4,,0.0
10052,4_m12,2025-02-19,7.698,65.183,39.134,459.403,0.085,97.0,E3/E3,21.9,273.9,,0.0
10053,4_bl,2024-02-28,0.65,64.211,52.686,510.418,0.103,6.0,E3/E4,19.7,257.3,,1.0
10053,4_m12,2025-03-12,1.348,52.446,46.127,524.361,0.088,23.0,E3/E4,,,,1.0
10054,4_bl,2024-03-04,1.84,45.097,37.406,343.706,0.109,19.0,E4/E4,13.0,157.3,,2.0
10057,4_bl,2024-04-24,2.442,44.109,33.802,399.431,0.085,62.0,E3/E4,10.4,227.8,,1.0
10057,4_m12,2025-05-07,-4.0,-4.0,38.139,409.793,0.093,-4.0,E3/E4,,,,1.0
10059,4_bl,2024-03-12,6.109,69.039,46.626,434.421,0.107,74.0,E3/E4,13.3,205.2,,1.0
10061,4_bl,2024-07-29,0.65,42.149,38.669,361.036,0.107,7.0,E3/E3,5.83,174.3,,0.0
10062,4_bl,2024-08-27,0.65,35.051,43.415,400.394,0.108,7.0,E3/E3,7.78,71.6,,0.0
10063,4_bl,2024-09-10,3.018,71.382,39.651,476.563,0.083,47.0,E3/E4,16.3,221.5,,1.0
10064,4_bl,2024-03-21,0.65,38.863,56.999,735.027,0.078,24.0,E3/E3,14.6,166.7,,0.0
10065,4_bl,2024-04-08,0.65,40.827,45.26,357.103,0.127,3.0,E2/E3,8.35,144.6,,0.0
10067,4_bl,2024-03-26,0.65,49.511,51.438,507.078,0.101,8.0,E3/E3,6.42,116.8,,0.0
10068,4_bl,2024-03-27,0.65,41.688,55.86,473.386,0.118,4.0,E2/E2,6.87,143.6,,0.0
10070,4_bl,2024-06-25,2.14,51.503,45.406,430.973,0.105,22.0,E3/E4,8.32,216.5,,1.0
10073,4_bl,2024-05-28,0.65,63.736,47.416,370.396,0.128,2.0,E3/E3,9.61,127.2,,0.0
10075,4_bl,2024-04-15,11.32,79.449,27.485,307.888,0.089,99.0,E3/E3,19.8,306.4,,0.0
10075,4_m12,2025-05-19,7.19,63.677,33.958,424.059,0.08,97.0,E3/E3,,,,0.0
10076,4_bl,2024-06-10,0.65,68.703,46.964,541.554,0.087,12.0,E3/E3,115.0,110.9,,0.0
10077,4_bl,2025-01-15,1.428,45.586,43.962,392.494,0.112,11.0,E2/E4,13.5,183.9,,1.0
10079,4_bl,2024-09-11,2.837,98.608,53.556,539.807,0.099,17.0,E3/E3,14.9,104.2,,0.0
10080,4_bl,2024-04-24,3.223,50.003,37.285,417.893,0.089,67.0,E4/E4,16.5,220.6,,2.0
10082,4_bl,2024-05-29,0.65,38.871,39.097,415.193,0.094,13.0,E3/E3,12.2,118.4,,0.0
10085,4_bl,2024-04-09,2.871,48.908,52.578,551.464,0.095,53.0,E3/E4,11.9,344.1,,1.0
10085,4_m12,2025-03-26,3.211,45.467,80.551,577.342,0.14,19.0,E3/E4,,,,1.0
10086,4_bl,2024-09-17,0.65,55.512,40.224,403.136,0.1,8.0,E3/E4,7.25,129.6,,1.0
10087,4_bl,2024-09-18,0.65,54.515,57.744,493.059,0.117,3.0,E3/E3,16.8,85.71,,0.0
10088,4_bl,2024-05-29,0.65,47.207,59.637,574.678,0.104,7.0,E3/E3,12.4,229.8,,0.0
10091,4_bl,2024-07-17,0.65,79.168,47.772,395.38,0.121,2.0,E3/E4,9.94,125.0,,1.0
10092,4_bl,2024-05-01,0.65,62.112,40.874,393.878,0.104,6.0,E3/E3,9.24,121.7,,0.0
10093,4_bl,2024-04-22,0.65,22.375,42.653,400.561,0.106,13.0,E3/E3,6.6,95.46,,0.0
10094,4_bl,2024-07-31,1.675,102.713,45.782,495.372,0.092,13.0,E3/E3,14.3,180.7,,0.0
10096,4_bl,2024-04-23,0.65,45.593,44.296,445.33,0.099,9.0,E3/E3,11.5,227.6,,0.0
10097,4_sc,2024-05-07,0.65,61.311,46.877,465.331,0.101,7.0,E2/E4,13.3,138.0,,1.0
10098,4_bl,2024-09-12,2.591,53.759,34.336,445.948,0.077,62.0,E3/E4,9.71,129.1,,1.0
10099,4_bl,2024-05-14,0.65,37.511,37.508,432.035,0.087,17.0,E3/E3,7.97,81.17,,0.0
10100,4_bl,2024-07-18,0.65,115.148,71.613,572.236,0.125,2.0,E3/E3,33.0,174.4,,0.0
10101,4_bl,2024-10-22,0.65,37.658,44.063,415.934,0.106,8.0,E3/E3,8.29,85.8,,0.0
10102,4_bl,2024-05-28,0.65,48.873,45.48,407.501,0.112,5.0,E3/E3,14.1,137.4,,0.0
10102,4_m12,2025-05-21,-4.0,-4.0,40.069,389.245,0.103,-4.0,E3/E3,,,,0.0
10103,4_bl,2024-05-01,6.391,62.451,36.917,477.691,0.077,96.0,E3/E4,15.6,228.3,,1.0
10104,4_bl,2025-03-19,0.65,43.001,40.968,415.887,0.099,10.0,E2/E2,,,,0.0
10104,4_sc,2024-04-22,0.65,62.989,41.623,428.806,0.097,8.0,E2/E2,8.19,124.3,,0.0
10105,4_bl,2024-05-15,5.92,56.101,41.883,525.817,0.08,96.0,E3/E3,27.8,432.9,,0.0
10105,4_m12,2025-06-02,2.837,62.209,47.115,489.436,0.096,36.0,E3/E3,,,,0.0
10106,4_bl,2024-05-28,0.65,60.135,45.945,435.138,0.106,6.0,E2/E3,16.6,116.7,,0.0
10108,4_bl,2024-08-29,0.65,40.266,38.47,361.143,0.107,7.0,E3/E3,9.1,34.84,,0.0
10109,4_bl,2024-09-20,2.446,60.259,46.359,474.093,0.098,29.0,E3/E3,8.94,97.25,,0.0
10110,4_bl,2024-11-19,0.65,55.433,52.828,528.695,0.1,8.0,E3/E4,14.3,277.2,,1.0
10111,4_bl,2024-05-28,1.752,40.827,35.761,330.334,0.108,21.0,E3/E4,10.9,240.7,,1.0
10111,4_m12,2025-04-28,0.65,39.622,37.646,378.02,0.1,10.0,E3/E4,,,,1.0
10113,4_bl,2024-05-23,0.65,45.854,46.902,462.753,0.101,8.0,E3/E4,11.9,131.2,,1.0
10114,4_bl,2024-05-23,0.65,93.285,40.859,388.441,0.105,5.0,E3/E4,18.6,245.3,,1.0
10115,4_bl,2024-10-16,6.642,116.962,59.695,620.488,0.096,50.0,E3/E4,54.5,359.5,,1.0
10117,4_bl,2025-03-19,1.669,62.956,47.362,458.753,0.103,13.0,E3/E3,,,,0.0
10118,4_bl,2024-06-12,-4.0,-4.0,51.45,460.801,0.112,-4.0,E3/E3,57.2,91.39,,0.0
10118,4_m12,2025-06-16,1.525,80.183,50.003,475.654,0.105,9.0,E3/E3,,,,0.0
10119,4_bl,2024-10-23,2.312,58.168,45.386,500.034,0.091,35.0,E3/E4,15.8,187.8,,1.0
10120,4_bl,2024-06-13,3.593,47.807,39.712,454.529,0.087,79.0,E3/E4,26.8,59.76,,1.0
10120,4_m12,2025-06-17,3.949,43.107,43.564,473.074,0.092,88.0,E3/E4,,,,1.0
10123,4_bl,2024-06-11,6.162,55.816,38.584,402.862,0.096,94.0,E3/E3,16.2,326.7,,0.0
10123,4_m12,2025-08-26,3.521,53.695,34.051,423.808,0.08,77.0,E3/E3,,,,0.0
10124,4_bl,2024-06-17,0.65,52.992,49.577,487.082,0.102,7.0,E2/E3,12.9,128.8,,0.0
10124,4_m12,2025-06-18,0.65,54.642,49.206,483.188,0.102,7.0,E2/E3,,,,0.0
10125,4_sc,2024-05-22,0.65,45.139,36.968,357.112,0.104,7.0,E3/E3,13.9,108.5,,0.0
10127,4_bl,2024-10-22,5.714,45.105,42.658,456.77,0.093,97.0,E3/E4,19.5,178.3,,1.0
10132,4_bl,2024-08-08,0.65,57.673,50.198,487.368,0.103,7.0,E2/E2,24.4,119.0,,0.0
10133,4_bl,2024-07-08,5.71,63.414,30.534,381.007,0.08,92.0,E3/E4,15.8,223.2,,1.0
10133,4_m12,2025-07-23,1.985,55.287,32.931,337.587,0.098,24.0,E3/E4,,,,1.0
10134,4_bl,2024-07-11,0.65,39.574,47.444,433.157,0.11,6.0,E2/E3,12.3,69.5,,0.0
10135,4_bl,2024-07-18,4.035,118.661,59.133,649.315,0.091,29.0,E3/E4,22.5,324.4,,1.0
10137,4_bl,2024-07-17,0.65,39.229,48.899,438.65,0.111,6.0,E3/E3,5.97,115.1,,0.0
10138,4_bl,2024-07-10,2.882,52.412,43.998,453.756,0.097,46.0,E3/E4,10.6,256.3,,1.0
10138,4_m12,2025-07-15,2.196,55.187,39.35,471.682,0.083,44.0,E3/E4,,,,1.0
10139,4_bl,2024-07-01,0.65,31.067,32.67,426.594,0.077,30.0,E3/E3,10.6,46.95,,0.0
10140,4_bl,2024-10-28,2.661,39.849,38.644,410.211,0.094,64.0,E2/E2,15.7,156.3,,0.0
10143,4_bl,2025-03-20,2.084,53.745,48.777,466.501,0.105,21.0,E3/E4,,,,1.0
10144,4_bl,2024-08-14,8.861,83.865,54.416,559.977,0.097,92.0,E3/E4,33.4,417.7,,1.0
10144,4_m12,2025-07-31,5.199,91.121,63.93,728.03,0.088,60.0,E3/E4,,,,1.0
10145,4_bl,2024-07-30,0.65,53.252,45.36,445.662,0.102,7.0,E3/E3,7.74,72.32,,0.0
10146,4_bl,2024-07-09,0.65,31.481,38.506,390.115,0.099,12.0,E3/E4,5.7,66.8,,1.0
10148,4_bl,2024-07-25,0.65,62.875,43.49,382.618,0.114,4.0,E3/E3,6.39,101.5,,0.0
10151,4_bl,2024-07-18,0.65,45.031,51.631,481.535,0.107,6.0,E3/E4,8.37,143.4,,1.0
10151,4_m12,2025-07-14,0.65,38.806,47.079,444.887,0.106,7.0,E3/E4,,,,1.0
10152,4_bl,2024-08-21,0.65,61.164,44.932,390.777,0.115,4.0,E3/E4,6.01,122.3,,1.0
10153,4_bl,2024-09-25,1.942,86.723,63.103,605.105,0.104,10.0,E3/E3,31.8,228.9,,0.0
10154,4_bl,2024-09-10,2.671,46.251,44.907,412.324,0.109,36.0,E4/E4,8.05,70.81,,2.0
10155,4_bl,2024-09-18,1.717,41.21,36.263,380.536,0.095,32.0,E4/E4,10.2,114.3,,2.0
10156,4_bl,2024-10-15,5.895,48.612,33.199,348.583,0.095,96.0,E3/E3,18.9,295.8,,0.0
10157,4_bl,2024-09-11,4.263,125.286,59.722,623.547,0.096,24.0,E3/E4,94.8,284.3,,1.0
10158,4_bl,2024-09-13,0.65,38.075,39.283,406.574,0.097,11.0,E4/E4,5.01,57.58,,2.0
10159,4_bl,2025-02-19,0.65,56.412,55.358,505.533,0.11,5.0,E3/E3,14.6,129.2,,0.0
10160,4_bl,2024-10-24,6.648,67.553,84.83,997.096,0.085,93.0,E3/E4,22.4,229.4,,1.0
10161,4_bl,2024-07-23,0.65,66.008,44.036,444.952,0.099,7.0,E3/E3,13.2,168.5,,0.0
10164,4_bl,2024-08-20,11.768,56.667,36.295,433.325,0.084,100.0,E3/E3,19.3,178.9,,0.0
10165,4_bl,2024-08-13,11.42,96.08,43.444,499.004,0.087,97.0,E3/E4,5.09,141.8,,1.0
10167,4_bl,2024-08-08,1.61,62.523,34.433,411.692,0.084,27.0,E3/E3,12.7,140.0,,0.0
10167,4_m12,2025-08-12,2.849,46.59,39.179,451.976,0.087,66.0,E3/E3,,,,0.0
10168,4_bl,2025-03-26,0.65,46.935,57.11,420.141,0.136,2.0,E3/E3,,,,0.0
10169,4_bl,2024-08-01,0.65,56.607,38.571,367.298,0.105,6.0,E3/E4,6.74,102.0,,1.0
10169,4_m12,2025-08-12,0.65,16.557,47.201,371.881,0.127,8.0,E3/E4,,,,1.0
10170,4_bl,2024-08-13,0.65,93.92,49.211,533.306,0.092,9.0,E2/E4,14.7,120.4,,1.0
10172,4_bl,2024-08-22,0.65,53.194,43.975,395.346,0.111,5.0,E3/E3,13.0,122.9,,0.0
10174,4_bl,2024-08-27,0.65,54.415,49.37,455.1,0.108,5.0,E3/E3,14.0,69.9,,0.0
10175,4_bl,2024-09-18,1.3,40.533,59.33,593.45,0.1,19.0,E3/E3,10.4,93.67,,0.0
10177,4_bl,2024-12-16,0.65,61.894,53.063,496.778,0.107,5.0,E3/E3,9.98,146.5,,0.0
10179,4_bl,2025-02-25,2.428,101.231,68.0,665.037,0.102,12.0,E3/E3,26.9,125.3,,0.0
10180,4_bl,2024-10-09,2.132,92.362,51.74,516.727,0.1,13.0,E3/E4,22.0,223.3,,1.0
10181,4_bl,2024-10-31,0.65,45.878,39.406,346.938,0.114,5.0,E3/E3,7.16,55.25,,0.0
10183,4_bl,2024-12-03,1.872,66.817,59.056,580.215,0.102,15.0,E2/E3,20.1,100.7,,0.0
10185,4_bl,2024-10-29,0.65,50.264,58.891,542.982,0.108,6.0,E3/E3,15.2,107.7,,0.0
10186,4_bl,2024-12-18,0.65,45.792,41.182,422.566,0.097,10.0,E3/E3,7.47,60.01,,0.0
10188,4_bl,2025-04-09,0.65,36.436,37.69,366.412,0.103,9.0,E3/E3,,,,0.0
10189,4_bl,2024-10-08,0.65,62.039,33.187,354.531,0.094,10.0,E3/E3,10.7,76.05,,0.0
10190,4_bl,2024-10-09,0.65,65.571,36.914,405.651,0.091,11.0,E3/E3,13.5,106.8,,0.0
10191,4_bl,2025-02-03,14.78,74.797,64.487,882.987,0.073,100.0,E3/E4,35.4,164.0,,1.0
10192,4_bl,2024-10-01,2.025,58.736,42.236,467.103,0.09,30.0,E3/E4,13.7,140.1,,1.0
10193,4_bl,2024-08-26,0.65,45.958,45.477,395.335,0.115,4.0,E3/E3,8.14,154.4,,0.0
10194,4_bl,2024-09-05,10.382,73.938,42.13,418.452,0.101,98.0,E3/E4,25.3,278.1,,1.0
10195,4_bl,2024-10-22,6.402,78.031,43.406,446.917,0.097,77.0,E3/E4,26.4,202.2,,1.0
10196,4_bl,2024-09-25,0.65,51.943,37.882,398.698,0.095,10.0,E3/E3,9.18,101.5,,0.0
10198,4_bl,2024-11-19,0.65,46.229,47.01,416.769,0.113,5.0,E3/E3,14.0,69.29,,0.0
10199,4_bl,2024-11-11,0.65,38.516,41.005,395.629,0.104,8.0,E3/E4,6.62,68.96,,1.0
10200,4_bl,2024-09-11,0.65,22.956,36.807,352.957,0.104,14.0,E3/E3,7.36,66.56,,0.0
10201,4_bl,2024-09-04,0.65,39.038,49.795,462.372,0.108,7.0,E3/E4,12.3,118.4,,1.0
10202,4_bl,2025-02-18,0.65,86.765,53.438,545.439,0.098,7.0,E3/E3,13.4,127.4,,0.0
10204,4_bl,2024-09-24,1.431,93.736,52.801,523.297,0.101,9.0,E2/E4,12.1,200.9,,1.0
10205,4_bl,2024-10-07,5.755,39.168,39.805,435.142,0.091,99.0,E3/E4,20.6,283.8,,1.0
10207,4_bl,2024-10-01,1.719,64.819,33.24,326.726,0.102,14.0,E3/E3,97.2,99.51,,0.0
10208,4_bl,2024-10-29,0.65,37.145,35.876,378.484,0.095,13.0,E4/E4,14.2,119.1,,2.0
10210,4_bl,2024-10-15,6.388,62.572,38.376,415.792,0.092,92.0,E4/E4,23.2,454.5,,2.0
10211,4_bl,2024-10-16,0.65,69.169,47.361,457.282,0.104,6.0,E3/E4,10.7,123.9,,1.0
10212,4_bl,2024-09-10,0.65,55.599,39.606,400.032,0.099,8.0,E3/E3,7.17,74.73,,0.0
10214,4_bl,2024-10-08,0.65,29.684,34.284,366.747,0.093,16.0,E2/E4,7.09,78.5,,1.0
10215,4_bl,2024-10-23,0.65,58.946,33.906,353.504,0.096,9.0,E2/E4,7.48,65.09,,1.0
10216,4_bl,2024-11-12,0.65,35.064,36.365,387.674,0.094,14.0,,11.6,121.3,,
10219,4_bl,2024-11-04,3.529,53.598,36.94,387.601,0.095,62.0,E4/E4,17.0,214.9,,2.0
10220,4_bl,2024-10-23,2.241,69.049,43.175,446.665,0.097,22.0,E3/E4,12.8,157.1,,1.0
10221,4_bl,2025-01-13,0.65,34.68,45.223,377.718,0.12,4.0,E3/E4,8.38,98.5,,1.0
10223,4_bl,2025-03-17,0.65,37.725,57.085,505.962,0.113,6.0,E3/E3,,,,0.0
10227,4_bl,2025-02-03,3.342,102.853,74.374,833.862,0.089,29.0,E3/E3,53.3,162.3,,0.0
10228,4_bl,2025-05-15,1.564,59.287,44.835,473.391,0.095,19.0,E3/E4,,,,1.0
10229,4_bl,2024-10-23,1.614,59.229,43.363,451.596,0.096,18.0,E2/E3,31.1,234.6,,0.0
10232,4_bl,2024-10-29,0.65,33.045,37.082,388.5,0.095,13.0,E3/E4,11.8,164.7,,1.0
10233,4_bl,2025-02-26,0.65,74.768,59.194,448.412,0.132,1.0,E2/E3,,,,0.0
10234,4_bl,2025-02-26,0.65,66.665,45.131,450.749,0.1,7.0,E3/E3,10.6,70.02,,0.0
10236,4_bl,2024-10-16,5.063,44.932,36.242,340.724,0.106,91.0,E4/E4,18.2,209.5,,2.0
10237,4_bl,2025-04-08,2.228,82.803,47.472,417.703,0.114,8.0,E3/E3,,,,0.0
10238,4_bl,2024-11-12,0.65,43.694,48.072,442.861,0.109,6.0,E3/E3,17.5,576.2,,0.0
10240,4_bl,2025-02-06,0.65,56.262,45.713,443.627,0.103,7.0,E3/E3,13.1,114.2,,0.0
10241,4_bl,2024-09-23,0.65,56.741,35.699,334.472,0.107,6.0,E3/E3,9.22,76.18,,0.0
10242,4_bl,2024-11-19,0.65,37.899,52.755,441.384,0.12,4.0,E2/E3,11.1,99.01,,0.0
10245,4_bl,2025-03-19,-4.0,-4.0,75.597,461.196,0.164,-4.0,E3/E3,,,,0.0
10246,4_bl,2025-05-07,0.65,57.166,-4.0,-4.0,-4.0,-4.0,E3/E3,,,,0.0
10247,4_bl,2024-12-03,0.65,65.254,-4.0,-4.0,-4.0,-4.0,E3/E3,9.8,110.5,,0.0
10248,4_bl,2024-10-02,0.65,43.132,71.623,552.193,0.13,2.0,E3/E3,24.5,237.5,,0.0
10249,4_bl,2024-10-23,4.948,58.512,62.707,660.917,0.095,81.0,E2/E4,31.1,215.6,,1.0
10251,4_bl,2024-12-04,0.65,46.002,58.726,518.357,0.113,5.0,E3/E3,13.8,82.49,,0.0
10252,4_bl,2025-05-13,0.65,43.431,54.619,403.503,0.135,2.0,E3/E3,,,,0.0
10254,4_bl,2024-12-10,1.373,35.577,33.927,319.896,0.106,19.0,E4/E4,11.4,55.97,,2.0
10256,4_bl,2024-11-25,0.65,39.558,49.648,456.15,0.109,6.0,E3/E3,13.6,126.9,,0.0
10257,4_bl,2025-02-25,-4.0,-4.0,61.081,517.058,0.118,-4.0,E3/E3,,,,0.0
10258,4_bl,2024-12-18,1.734,82.981,49.289,529.06,0.093,16.0,E3/E3,13.1,101.2,,0.0
10261,4_bl,2024-11-12,0.65,39.535,43.445,407.845,0.107,7.0,E3/E3,7.29,50.72,,0.0
10263,4_bl,2024-11-12,0.65,49.491,36.305,389.97,0.093,11.0,E4/E4,7.05,58.25,,2.0
10264,4_bl,2024-10-31,0.65,25.249,32.707,295.548,0.111,9.0,E3/E4,12.0,84.25,,1.0
10267,4_bl,2025-02-26,0.65,50.122,48.731,504.869,0.097,10.0,E3/E3,25.0,178.4,,0.0
10270,4_bl,2024-10-31,5.031,36.314,43.194,460.87,0.094,99.0,E2/E4,7.53,81.72,,1.0
10271,4_bl,2024-10-22,2.863,63.978,41.4,445.42,0.093,39.0,E4/E4,10.3,156.2,,2.0
10272,4_bl,2024-11-04,1.672,32.784,42.593,404.85,0.105,32.0,E2/E3,20.8,123.8,,0.0
10273,4_bl,2025-01-27,0.65,45.275,43.594,403.49,0.108,6.0,E3/E3,11.9,119.6,,0.0
10274,4_bl,2024-10-21,0.65,29.665,40.12,352.203,0.114,7.0,E3/E3,11.7,129.8,,0.0
10275,4_bl,2025-03-10,0.65,46.124,42.45,370.196,0.115,4.0,E2/E3,,,,0.0
10276,4_bl,2025-01-29,1.397,82.094,64.892,633.375,0.102,9.0,E4/E4,20.2,138.7,,2.0
10278,4_bl,2024-11-13,1.488,41.959,41.392,401.136,0.103,19.0,E3/E3,14.2,198.2,,0.0
10279,4_bl,2024-11-05,4.559,62.859,41.294,461.532,0.089,75.0,E3/E4,24.2,271.6,,1.0
10280,4_bl,2025-07-16,0.65,66.485,44.117,450.697,0.098,8.0,E3/E4,,,,1.0
10281,4_bl,2025-03-24,4.386,70.495,46.607,521.691,0.089,64.0,E3/E4,,,,1.0
10282,4_bl,2024-12-17,2.455,66.948,35.787,444.945,0.08,44.0,E3/E3,16.1,232.1,,0.0
10283,4_bl,2024-11-18,1.968,112.441,57.943,520.826,0.111,6.0,E3/E3,28.7,161.1,,0.0
10284,4_bl,2025-03-18,3.534,54.213,60.459,413.403,0.146,11.0,E2/E4,,,,1.0
10285,4_bl,2025-01-23,0.65,46.331,52.475,489.378,0.107,6.0,E3/E3,12.9,227.7,,0.0
10286,4_bl,2025-02-06,0.65,33.188,50.64,443.438,0.114,6.0,E3/E3,8.68,10.56,,0.0
10287,4_bl,2025-02-03,2.019,44.529,37.444,365.106,0.103,29.0,E3/E4,,,,1.0
10288,4_bl,2024-11-07,1.901,56.593,42.804,491.431,0.087,32.0,E3/E3,20.9,213.7,,0.0
10289,4_bl,2024-11-19,6.71,59.959,35.885,439.012,0.082,97.0,E3/E4,18.2,385.8,,1.0
10290,4_bl,2024-11-06,2.359,49.424,43.094,465.953,0.092,43.0,E3/E3,14.8,204.6,,0.0
10292,4_bl,2024-11-18,0.65,53.599,39.955,430.013,0.093,11.0,E3/E4,23.9,111.4,,1.0
10293,4_bl,2024-11-12,0.65,48.257,52.297,505.223,0.104,7.0,E3/E3,6.59,88.6,,0.0
10296,4_bl,2025-01-27,2.674,52.273,32.508,376.235,0.086,55.0,E3/E4,13.6,172.9,,1.0
10298,4_bl,2025-02-24,0.65,65.184,67.42,714.937,0.094,9.0,E3/E3,10.9,185.8,,0.0
10300,4_bl,2025-01-23,0.65,47.524,47.225,425.74,0.111,5.0,E3/E4,6.93,75.25,,1.0
10301,4_bl,2025-01-09,0.65,50.471,48.238,410.935,0.117,4.0,E3/E4,6.0,60.32,,1.0
10302,4_bl,2024-12-12,1.746,60.899,50.009,470.602,0.106,13.0,E3/E3,21.2,176.2,,0.0
10303,4_bl,2024-11-20,3.392,46.48,34.972,367.492,0.095,70.0,E4/E4,9.41,123.7,,2.0
10304,4_bl,2025-01-13,0.65,29.829,34.825,313.235,0.111,7.0,E3/E3,5.2,36.29,,0.0
10305,4_bl,2024-12-17,1.517,45.249,45.747,395.244,0.116,10.0,E2/E3,11.3,164.1,,0.0
10306,4_bl,2025-02-20,0.65,58.572,54.487,478.422,0.114,4.0,E3/E4,10.3,118.4,,1.0
10307,4_bl,2025-04-08,1.36,71.876,75.668,479.054,0.158,1.0,E3/E3,,,,0.0
10309,4_bl,2024-12-18,1.555,69.857,57.49,476.2,0.121,5.0,E3/E4,19.7,245.6,,1.0
10311,4_bl,2025-01-28,1.306,60.253,47.568,468.712,0.101,11.0,E2/E2,13.6,227.5,,0.0
10314,4_bl,2024-11-12,4.991,64.041,45.597,473.258,0.096,74.0,E3/E4,15.4,225.4,,1.0
10316,4_bl,2024-11-14,0.65,41.731,48.49,424.756,0.114,5.0,E3/E3,3.36,38.73,,0.0
10317,4_bl,2025-03-12,0.65,60.792,54.078,477.814,0.113,4.0,E2/E2,,,,0.0
10319,4_bl,2024-12-12,0.65,46.255,-4.0,-4.0,-4.0,-4.0,E2/E3,9.08,83.25,,0.0
10320,4_bl,2025-04-23,1.379,122.932,49.63,432.924,0.115,4.0,E3/E3,,,,0.0
10321,4_bl,2025-01-20,0.65,30.703,38.615,394.544,0.098,13.0,E3/E4,16.7,124.7,,1.0
10322,4_bl,2024-12-02,11.383,76.021,42.344,451.309,0.094,99.0,E3/E3,30.0,533.5,,0.0
10323,4_bl,2025-03-25,4.186,51.06,37.885,415.752,0.091,82.0,E4/E4,,,,2.0
10324,4_bl,2024-12-11,0.65,39.454,49.249,467.501,0.105,8.0,E3/E3,10.4,101.1,,0.0
10325,4_bl,2024-12-12,0.65,41.958,45.637,417.809,0.109,6.0,E3/E4,,,,1.0
10327,4_bl,2025-01-15,0.65,41.674,37.516,368.991,0.102,9.0,E3/E3,4.62,50.79,,0.0
10328,4_bl,2024-12-11,6.669,86.535,56.056,649.14,0.086,82.0,E4/E4,34.6,248.8,,2.0
10330,4_bl,2025-01-15,0.65,38.885,36.595,387.298,0.094,12.0,E3/E3,11.1,90.42,,0.0
10332,4_bl,2024-12-19,3.514,32.751,37.682,377.135,0.1,91.0,E3/E3,11.2,143.5,,0.0
10333,4_bl,2025-02-20,1.88,36.407,52.025,433.399,0.12,19.0,E3/E3,9.55,107.3,,0.0
10337,4_bl,2024-12-12,0.65,45.396,42.996,437.921,0.098,9.0,E3/E4,8.64,76.98,,1.0
10338,4_bl,2024-12-11,2.077,64.364,44.085,381.311,0.116,10.0,E3/E3,18.5,113.6,,0.0
10339,4_bl,2025-03-12,0.65,46.56,50.775,465.342,0.109,6.0,E2/E4,,,,1.0
10340,4_bl,2024-11-20,0.65,48.973,36.788,418.247,0.088,14.0,E2/E3,15.3,101.1,,0.0
10342,4_bl,2024-12-16,0.65,47.297,38.729,409.642,0.095,11.0,E3/E3,12.1,71.81,,0.0
10343,4_bl,2025-04-01,1.933,64.401,45.209,463.232,0.098,19.0,E3/E3,,,,0.0
10344,4_bl,2024-12-19,1.374,37.11,47.126,407.193,0.116,12.0,E3/E3,21.8,239.7,,0.0
10348,4_bl,2025-02-18,0.65,62.589,53.633,486.199,0.11,4.0,E3/E4,22.6,130.6,,1.0
10349,4_bl,2025-03-31,2.518,118.329,66.879,589.463,0.113,7.0,E3/E3,,,,0.0
10350,4_bl,2024-12-03,0.65,70.821,43.136,378.219,0.114,4.0,E3/E3,22.5,133.2,,0.0
10351,4_bl,2025-02-13,10.663,116.491,44.824,485.958,0.092,87.0,E3/E4,20.0,331.5,,1.0
10352,4_bl,2025-01-23,0.65,46.981,42.768,378.331,0.113,5.0,E2/E3,8.29,72.38,,0.0
10353,4_bl,2024-12-11,0.65,49.743,48.194,456.411,0.106,6.0,E3/E3,6.57,130.7,,0.0
10354,4_bl,2025-01-28,4.196,48.301,35.302,445.729,0.079,91.0,E3/E3,22.8,334.4,,0.0
10356,4_bl,2025-01-28,0.65,44.411,45.293,400.985,0.113,5.0,E2/E3,9.2,95.63,,0.0
10357,4_bl,2024-12-17,4.014,56.568,42.381,464.324,0.091,72.0,E3/E4,16.1,254.6,,1.0
10358,4_bl,2024-12-18,4.378,60.702,46.523,567.785,0.082,81.0,E2/E3,26.3,315.5,,0.0
10359,4_bl,2025-05-21,0.65,65.671,81.082,554.572,0.146,1.0,E3/E3,,,,0.0
10360,4_bl,2025-01-23,0.65,39.756,48.541,411.873,0.118,4.0,E3/E3,12.4,115.6,,0.0
10361,4_bl,2025-03-27,3.751,80.968,50.48,542.879,0.093,40.0,E3/E3,,,,0.0
10362,4_bl,2024-12-16,4.556,64.142,53.641,555.968,0.096,67.0,E3/E4,23.9,253.8,,1.0
10363,4_bl,2024-12-16,1.407,70.755,51.209,476.717,0.107,8.0,E3/E4,6.16,43.23,,1.0
10364,4_bl,2024-12-10,1.601,65.232,49.546,520.931,0.095,17.0,E3/E3,28.7,433.3,,0.0
10365,4_bl,2025-02-13,0.65,117.815,63.09,611.637,0.103,5.0,E2/E3,30.0,97.25,,0.0
10367,4_bl,2025-05-22,0.65,53.75,32.447,401.214,0.081,18.0,E3/E3,,,,0.0
10369,4_bl,2025-01-06,0.65,41.031,29.735,313.974,0.095,12.0,E4/E4,20.8,134.6,,2.0
10370,4_bl,2024-12-17,1.36,34.756,37.421,393.949,0.095,30.0,E3/E3,7.1,70.89,,0.0
10371,4_bl,2025-03-11,0.65,37.337,47.237,396.214,0.119,4.0,E3/E4,,,,1.0
10372,4_bl,2024-12-11,5.378,45.141,39.784,426.446,0.093,96.0,E3/E4,12.8,94.6,,1.0
10375,4_bl,2025-02-05,1.914,68.564,39.507,382.658,0.103,14.0,E4/E4,10.9,110.9,,2.0
10376,4_bl,2024-12-17,0.65,57.865,44.665,404.453,0.11,5.0,E3/E3,9.93,139.4,,0.0
10377,4_bl,2025-04-29,0.65,49.348,45.082,400.555,0.113,5.0,E2/E3,,,,0.0
10378,4_bl,2025-05-21,0.65,48.55,60.924,358.672,0.17,0.0,E3/E3,,,,0.0
10379,4_bl,2025-01-13,0.65,42.05,41.604,422.777,0.098,10.0,E3/E3,9.44,120.8,,0.0
10380,4_bl,2024-12-18,1.356,61.207,59.115,462.961,0.128,3.0,E3/E3,16.9,227.9,,0.0
10381,4_bl,2025-03-05,3.355,56.802,30.627,321.659,0.095,54.0,E3/E4,9.32,213.4,,1.0
10382,4_bl,2024-12-18,0.65,43.128,48.832,442.108,0.11,6.0,E3/E3,6.98,82.68,,0.0
10383,4_bl,2025-01-14,0.65,43.318,49.075,441.859,0.111,5.0,E3/E3,8.57,101.4,,0.0
10384,4_bl,2025-04-10,0.65,47.775,48.822,397.029,0.123,3.0,E3/E3,,,,0.0
10387,4_bl,2025-03-17,0.65,50.676,50.778,491.909,0.103,7.0,E3/E3,,,,0.0
10388,4_bl,2025-04-08,11.17,48.624,43.874,427.539,0.103,100.0,E3/E4,,,,1.0
10390,4_bl,2025-02-20,0.65,33.576,40.416,336.765,0.12,4.0,E3/E3,8.56,58.23,,0.0
10391,4_bl,2025-01-15,0.65,37.535,43.437,402.189,0.108,7.0,E2/E3,10.5,118.9,,0.0
10392,4_bl,2025-02-06,0.65,59.865,48.159,472.308,0.102,7.0,E3/E4,19.5,112.2,,1.0
10395,4_bl,2025-01-07,2.471,39.7,23.726,253.317,0.094,60.0,E4/E4,7.59,155.5,,2.0
10397,4_bl,2025-02-05,0.65,47.599,34.867,383.716,0.091,13.0,E3/E4,6.3,83.62,,1.0
10400,4_bl,2025-04-02,2.384,177.126,81.947,730.684,0.112,5.0,E3/E3,,,,0.0
10401,4_bl,2025-01-06,5.76,57.588,31.81,366.458,0.087,93.0,E3/E3,13.2,159.0,,0.0
10403,4_bl,2025-03-18,4.235,49.089,40.545,445.028,0.091,85.0,E3/E4,,,,1.0
10404,4_bl,2025-04-16,1.61,37.651,44.658,411.099,0.109,21.0,E2/E3,,,,0.0
10406,4_bl,2025-01-14,0.65,48.902,46.16,421.398,0.11,5.0,E3/E4,11.2,112.6,,1.0
10409,4_bl,2025-04-23,0.65,36.856,51.844,418.492,0.124,3.0,E2/E3,,,,0.0
10411,4_bl,2025-06-02,-4.0,-4.0,45.953,453.257,0.101,-4.0,E3/E3,,,,0.0
10412,4_bl,2025-02-26,0.65,48.303,58.733,494.443,0.119,3.0,E3/E3,13.1,126.7,,0.0
10417,4_bl,2025-08-14,0.65,46.531,31.408,248.108,0.127,2.0,E2/E4,,,,1.0
10421,4_bl,2025-02-13,1.518,60.517,47.547,453.457,0.105,11.0,E2/E3,11.6,232.2,,0.0
10425,4_bl,2025-06-17,0.65,42.859,40.635,376.347,0.108,6.0,E3/E3,,,,0.0
10426,4_bl,2025-03-13,0.65,49.236,53.63,529.666,0.101,8.0,E3/E3,,,,0.0
10429,4_bl,2025-01-29,0.65,47.053,41.946,344.481,0.122,3.0,E4/E4,10.6,132.7,,2.0
10430,4_bl,2025-02-05,0.65,29.79,42.296,396.659,0.107,9.0,E4/E4,5.04,35.57,,2.0
10431,4_bl,2025-05-20,1.314,50.452,58.419,490.275,0.119,6.0,E3/E3,,,,0.0
10432,4_bl,2025-03-11,8.569,69.955,40.443,444.902,0.091,97.0,E4/E4,,,,2.0
10433,4_bl,2025-02-12,0.65,35.162,41.358,417.411,0.099,11.0,E3/E3,,,,0.0
10435,4_bl,2025-02-10,0.65,44.25,39.987,379.902,0.105,7.0,E3/E3,13.7,109.0,,0.0
10436,4_bl,2025-02-10,4.506,61.071,43.634,442.401,0.099,67.0,E4/E4,23.6,373.3,,2.0
10437,4_bl,2025-02-11,7.373,87.174,38.11,415.367,0.092,83.0,E3/E4,21.3,194.7,,1.0
10438,4_bl,2025-02-06,0.65,35.719,46.794,415.504,0.113,6.0,E3/E3,8.57,67.53,,0.0
10441,4_bl,2025-02-19,2.053,65.054,43.617,448.169,0.097,21.0,E3/E4,18.9,294.5,,1.0
10442,4_bl,2025-02-19,0.65,28.363,46.052,408.544,0.113,7.0,E3/E3,15.2,101.9,,0.0
10443,4_bl,2025-02-11,1.657,93.252,37.418,426.553,0.088,17.0,E2/E4,18.6,146.7,,1.0
10444,4_bl,2025-04-16,0.65,30.49,38.677,364.248,0.106,9.0,E3/E3,,,,0.0
10445,4_bl,2025-03-14,0.65,47.868,44.019,430.541,0.102,8.0,E3/E3,,,,0.0
10446,4_bl,2025-02-20,1.809,73.753,47.834,463.383,0.103,12.0,E3/E3,17.6,192.1,,0.0
10447,4_bl,2025-07-07,1.609,54.777,52.415,548.325,0.096,20.0,E3/E4,,,,1.0
10448,4_bl,2025-03-21,1.376,97.465,66.224,560.46,0.118,4.0,E3/E3,,,,0.0
10450,4_bl,2025-02-13,1.593,53.523,40.705,451.397,0.09,25.0,E3/E3,12.4,197.6,,0.0
10451,4_bl,2025-04-30,0.65,51.958,63.577,519.225,0.122,3.0,E3/E4,,,,1.0
10452,4_bl,2025-03-05,0.65,40.521,44.857,388.159,0.116,5.0,E3/E3,,,,0.0
10453,4_bl,2025-03-31,0.65,48.917,46.854,436.415,0.107,6.0,E3/E4,,,,1.0
10454,4_bl,2025-04-15,0.65,63.011,40.141,365.63,0.11,5.0,E3/E3,,,,0.0
10455,4_bl,2025-02-10,0.65,70.094,41.874,403.078,0.104,6.0,E3/E3,7.56,93.0,,0.0
10456,4_bl,2025-03-04,0.65,28.408,48.633,369.185,0.132,3.0,E3/E3,11.9,58.16,,0.0
10457,4_bl,2025-02-10,2.306,89.093,75.122,541.897,0.139,2.0,E4/E4,19.3,317.7,,2.0
10458,4_bl,2025-06-05,0.65,65.77,58.587,639.261,0.092,10.0,E3/E4,,,,1.0
10459,4_bl,2025-02-25,1.728,48.291,43.25,458.143,0.094,27.0,E4/E4,13.7,256.2,,2.0
10460,4_bl,2025-03-17,0.65,41.579,42.445,390.367,0.109,6.0,E3/E3,,,,0.0
10461,4_bl,2025-05-13,0.65,68.141,49.619,449.572,0.11,4.0,E3/E3,,,,0.0
10465,4_bl,2025-04-10,1.518,58.816,53.403,503.748,0.106,11.0,E3/E3,,,,0.0
10466,4_bl,2025-04-15,1.397,46.547,39.134,378.371,0.103,15.0,E3/E3,,,,0.0
10467,4_bl,2025-03-25,0.65,67.085,43.828,451.507,0.097,8.0,E3/E4,,,,1.0
10470,4_bl,2025-03-03,2.67,37.666,34.382,370.7,0.093,70.0,E3/E4,14.7,216.2,,1.0
10471,4_bl,2025-03-11,2.289,79.166,43.324,419.257,0.103,14.0,E3/E3,,,,0.0
10474,4_bl,2025-04-09,-4.0,-4.0,96.727,516.278,0.187,-4.0,E3/E3,,,,0.0
10475,4_bl,2025-04-15,0.65,45.907,41.446,443.823,0.093,12.0,E3/E3,,,,0.0
10478,4_bl,2025-03-26,1.893,65.815,48.143,486.372,0.099,17.0,E3/E3,,,,0.0
10479,4_bl,2025-03-27,-4.0,-4.0,41.109,402.265,0.102,-4.0,E3/E3,,,,0.0
10480,4_bl,2025-05-29,1.346,49.051,48.434,456.313,0.106,12.0,E2/E3,,,,0.0
10481,4_bl,2025-06-02,0.65,53.913,49.152,453.289,0.108,5.0,E3/E3,,,,0.0
10483,4_bl,2025-08-13,7.227,73.016,60.048,617.116,0.097,89.0,E3/E4,,,,1.0
10484,4_bl,2025-03-10,1.369,57.888,46.872,484.079,0.097,15.0,E3/E3,,,,0.0
10491,4_bl,2025-04-10,0.65,30.812,40.587,383.314,0.106,9.0,E3/E3,,,,0.0
10494,4_bl,2025-04-07,1.555,69.213,66.015,566.275,0.117,6.0,E3/E3,,,,0.0
10498,4_bl,2025-03-12,1.374,46.138,45.467,438.085,0.104,15.0,E3/E3,,,,0.0
10503,4_bl,2025-04-17,0.65,96.462,-4.0,-4.0,-4.0,-4.0,E3/E4,,,,1.0
10504,4_bl,2025-03-19,6.239,67.38,45.756,509.032,0.09,89.0,E3/E4,,,,1.0
10516,4_bl,2025-03-24,0.65,46.063,46.359,385.534,0.12,3.0,E3/E4,,,,1.0
10520,4_bl,2025-03-13,0.65,49.394,52.052,451.585,0.115,4.0,E3/E3,,,,0.0
10523,4_bl,2025-03-24,9.152,95.007,49.85,509.015,0.098,87.0,E3/E3,,,,0.0
10527,4_bl,2025-03-05,6.681,70.641,35.31,389.072,0.091,90.0,E3/E3,,,,0.0
10529,4_bl,2025-04-23,1.811,52.167,50.517,491.097,0.103,19.0,E3/E3,,,,0.0
10530,4_bl,2025-03-27,1.523,46.173,47.329,430.838,0.11,13.0,E3/E4,,,,1.0
10531,4_bl,2025-04-02,2.971,76.559,34.887,390.422,0.089,36.0,E3/E4,,,,1.0
10533,4_bl,2025-07-15,0.65,49.228,53.14,503.0,0.106,6.0,E3/E3,,,,0.0
10534,4_bl,2025-03-17,1.678,44.882,48.929,451.544,0.108,17.0,E3/E3,,,,0.0
10535,4_bl,2025-03-25,0.65,24.105,36.011,335.733,0.107,11.0,E2/E4,,,,1.0
10537,4_bl,2025-03-17,-4.0,-4.0,44.607,427.537,0.104,-4.0,E3/E3,,,,0.0
10539,4_bl,2025-03-27,0.65,40.684,35.49,371.189,0.096,11.0,E3/E4,,,,1.0
10542,4_bl,2025-04-03,0.65,37.625,40.228,400.402,0.1,10.0,E3/E3,,,,0.0
10543,4_bl,2025-04-03,1.458,51.762,47.227,449.936,0.105,13.0,E3/E4,,,,1.0
10544,4_bl,2025-03-26,0.65,54.959,49.563,488.056,0.102,7.0,E3/E3,,,,0.0
10545,4_bl,2025-03-26,3.538,31.47,38.923,375.287,0.104,92.0,E3/E4,,,,1.0
10547,4_bl,2025-03-25,3.581,143.97,61.449,632.856,0.097,16.0,E3/E3,,,,0.0
10548,4_bl,2025-06-03,1.3,32.668,39.498,380.212,0.104,22.0,E3/E4,,,,1.0
10557,4_bl,2025-03-25,0.65,58.01,41.956,405.115,0.104,6.0,E3/E3,,,,0.0
10562,4_bl,2025-07-24,0.65,41.913,41.266,429.726,0.096,11.0,E3/E3,,,,0.0
10570,4_bl,2025-05-20,0.65,40.776,58.528,494.764,0.118,4.0,E3/E3,,,,0.0
10583,4_bl,2025-05-07,0.65,35.958,42.975,397.611,0.108,7.0,E3/E3,,,,0.0
10586,4_bl,2025-03-17,0.65,49.994,49.068,494.976,0.099,8.0,E2/E3,,,,0.0
10587,4_bl,2025-06-12,2.119,99.685,63.337,545.156,0.116,6.0,E3/E3,,,,0.0
10592,4_bl,2025-04-07,0.65,68.989,65.573,564.112,0.116,3.0,E3/E3,,,,0.0
10593,4_bl,2025-04-24,0.65,46.548,48.896,459.775,0.106,6.0,E3/E3,,,,0.0
10595,4_bl,2025-04-10,2.707,26.385,-4.0,-4.0,-4.0,-4.0,E4/E4,,,,2.0
10597,4_bl,2025-04-24,2.741,72.143,48.947,505.438,0.097,27.0,E3/E4,,,,1.0
10601,4_bl,2025-04-21,0.65,45.555,50.091,454.893,0.11,5.0,E3/E3,,,,0.0
10602,4_bl,2025-06-12,0.65,40.891,56.975,541.149,0.105,7.0,E3/E3,,,,0.0
10605,4_bl,2025-07-30,0.65,140.332,60.957,698.869,0.087,10.0,E2/E4,,,,1.0
10615,4_bl,2025-04-10,1.958,51.23,38.118,353.867,0.108,18.0,E3/E4,,,,1.0
10618,4_bl,2025-04-09,-4.0,-4.0,36.919,410.979,0.09,-4.0,E4/E4,,,,2.0
10620,4_bl,2025-08-01,0.65,45.353,39.883,383.618,0.104,7.0,E3/E3,,,,0.0
10622,4_bl,2025-04-30,0.65,28.294,41.545,355.364,0.117,6.0,E3/E3,,,,0.0
10625,4_bl,2025-04-16,0.65,50.091,47.691,500.63,0.095,10.0,E3/E4,,,,1.0
10627,4_bl,2025-04-28,0.65,49.119,41.348,388.112,0.107,6.0,E3/E3,,,,0.0
10628,4_bl,2025-04-16,0.65,41.906,39.296,360.87,0.109,6.0,E3/E3,,,,0.0
10633,4_bl,2025-08-06,0.65,43.883,42.576,350.709,0.121,3.0,E3/E3,,,,0.0
10634,4_bl,2025-06-12,0.65,45.999,38.732,411.113,0.094,11.0,E3/E4,,,,1.0
10635,4_bl,2025-04-21,1.981,58.285,50.374,530.182,0.095,25.0,E3/E3,,,,0.0
10636,4_bl,2025-06-12,0.65,43.378,37.566,368.771,0.102,8.0,E4/E4,,,,2.0
10639,4_bl,2025-08-06,0.65,48.205,52.607,510.319,0.103,7.0,E3/E3,,,,0.0
10640,4_bl,2025-07-23,0.65,84.201,49.82,525.659,0.095,8.0,E3/E3,,,,0.0
10641,4_bl,2025-07-10,0.65,46.391,46.219,499.784,0.092,12.0,E3/E3,,,,0.0
10642,4_bl,2025-04-23,1.798,96.121,50.496,428.048,0.118,5.0,E3/E3,,,,0.0
10643,4_bl,2025-06-26,0.65,45.642,40.526,432.413,0.094,11.0,E3/E4,,,,1.0
10646,4_bl,2025-05-28,0.65,39.436,62.271,513.447,0.121,4.0,E3/E3,,,,0.0
10647,4_bl,2025-04-28,0.65,48.878,50.171,502.846,0.1,8.0,E3/E3,,,,0.0
10648,4_bl,2025-04-28,0.65,76.255,60.481,524.818,0.115,3.0,E2/E3,,,,0.0
10649,4_bl,2025-04-30,0.65,71.316,41.774,437.298,0.096,8.0,E3/E4,,,,1.0
10651,4_bl,2025-05-20,2.429,52.845,41.85,455.577,0.092,41.0,E3/E4,,,,1.0
10654,4_bl,2025-07-31,0.65,80.143,63.075,665.959,0.095,8.0,E3/E3,,,,0.0
10658,4_bl,2025-06-05,0.65,56.98,55.533,543.126,0.102,7.0,E2/E3,,,,0.0
10659,4_bl,2025-04-30,0.65,81.863,-4.0,-4.0,-4.0,-4.0,E3/E4,,,,1.0
10662,4_bl,2025-05-07,2.141,52.003,36.622,401.141,0.091,36.0,E4/E4,,,,2.0
10666,4_bl,2025-07-16,0.65,54.925,43.733,430.152,0.102,7.0,E3/E3,,,,0.0
10667,4_bl,2025-05-07,0.65,59.614,54.855,469.516,0.117,3.0,E3/E3,,,,0.0
10671,4_bl,2025-06-02,0.65,32.98,35.298,328.13,0.108,8.0,E3/E3,,,,0.0
10672,4_bl,2025-07-22,1.352,57.344,36.562,464.971,0.079,30.0,E4/E4,,,,2.0
10673,4_bl,2025-05-20,2.499,70.191,41.329,439.506,0.094,27.0,E3/E4,,,,1.0
10675,4_bl,2025-05-28,0.65,31.119,43.42,387.206,0.112,7.0,E2/E3,,,,0.0
10676,4_bl,2025-07-28,12.696,222.441,70.73,948.64,0.075,74.0,E3/E3,,,,0.0
10679,4_bl,2025-06-16,0.65,51.373,53.93,488.294,0.11,5.0,E3/E3,,,,0.0
10681,4_bl,2025-05-15,5.013,78.036,50.028,491.586,0.102,52.0,E3/E4,,,,1.0
10685,4_bl,2025-05-29,0.65,24.696,47.03,423.819,0.111,9.0,E3/E3,,,,0.0
10687,4_bl,2025-07-16,0.65,47.939,36.877,411.813,0.09,13.0,E3/E3,,,,0.0
10689,4_bl,2025-06-20,2.898,40.315,31.675,357.048,0.089,75.0,E3/E4,,,,1.0
10692,4_bl,2025-06-18,7.633,51.653,44.57,542.945,0.082,99.0,E3/E3,,,,0.0
10693,4_bl,2025-05-27,12.737,71.684,48.205,395.203,0.122,99.0,E4/E4,,,,2.0
10695,4_bl,2025-07-02,0.65,50.754,49.521,457.837,0.108,6.0,E3/E3,,,,0.0
10697,4_bl,2025-07-15,0.65,45.138,45.091,428.819,0.105,7.0,E3/E3,,,,0.0
10699,4_bl,2025-06-18,0.65,61.106,48.854,448.458,0.109,5.0,E3/E3,,,,0.0
10703,4_bl,2025-05-21,0.65,26.841,37.991,345.45,0.11,9.0,E2/E3,,,,0.0
10705,4_bl,2025-07-15,0.65,60.731,39.436,404.058,0.098,8.0,E4/E4,,,,2.0
10706,4_bl,2025-06-11,0.65,17.956,49.294,435.805,0.113,13.0,E3/E4,,,,1.0
10709,4_bl,2025-08-01,2.134,59.677,43.894,482.22,0.091,30.0,E3/E4,,,,1.0
10711,4_bl,2025-06-03,2.497,39.715,-4.0,-4.0,-4.0,-4.0,E3/E3,,,,0.0
10712,4_bl,2025-06-23,0.65,39.764,46.897,432.868,0.108,7.0,E2/E4,,,,1.0
10714,4_bl,2025-08-11,7.821,51.88,31.826,407.876,0.078,100.0,E4/E4,,,,2.0
10715,4_bl,2025-06-24,0.65,25.956,42.743,442.556,0.097,16.0,E3/E3,,,,0.0
10717,4_bl,2025-07-01,1.928,55.896,47.17,515.048,0.092,29.0,E3/E3,,,,0.0
10719,4_bl,2025-06-23,0.65,59.096,57.661,584.673,0.099,8.0,E3/E3,,,,0.0
10720,4_bl,2025-07-02,0.65,28.461,43.414,386.02,0.112,7.0,E3/E3,,,,0.0
10721,4_bl,2025-06-02,0.65,41.202,49.061,450.894,0.109,6.0,E3/E4,,,,1.0
10722,4_bl,2025-06-23,0.65,36.838,42.783,436.283,0.098,11.0,E3/E3,,,,0.0
10725,4_bl,2025-07-08,0.65,28.54,32.042,376.244,0.085,23.0,E3/E4,,,,1.0
10726,4_bl,2025-05-28,1.549,42.425,49.523,466.655,0.106,18.0,E3/E3,,,,0.0
10727,4_bl,2025-06-24,6.345,73.733,38.525,401.248,0.096,81.0,E2/E3,,,,0.0
10728,4_bl,2025-05-27,5.774,67.757,47.51,492.975,0.096,80.0,E4/E4,,,,2.0
10729,4_bl,2025-06-26,0.65,83.669,55.307,524.648,0.105,5.0,E3/E3,,,,0.0
10731,4_bl,2025-06-27,0.65,36.715,46.659,482.44,0.097,12.0,E3/E3,,,,0.0
10734,4_bl,2025-07-09,0.65,43.482,45.579,415.212,0.11,6.0,E3/E3,,,,0.0
10736,4_bl,2025-08-12,3.022,47.226,34.492,409.609,0.084,72.0,E4/E4,,,,2.0
10738,4_bl,2025-07-01,2.637,31.529,38.671,418.132,0.092,82.0,E3/E4,,,,1.0
10742,4_bl,2025-08-13,0.65,29.174,43.622,397.766,0.11,8.0,E3/E3,,,,0.0
10751,4_bl,2025-06-12,1.929,90.646,47.762,479.864,0.1,12.0,E3/E4,,,,1.0
10752,4_bl,2025-06-16,0.65,55.4,43.621,449.392,0.097,9.0,E3/E4,,,,1.0
10753,4_bl,2025-06-30,1.849,44.707,42.679,446.839,0.096,32.0,E3/E4,,,,1.0
10754,4_bl,2025-08-18,0.65,42.815,38.908,440.43,0.088,15.0,E3/E3,,,,0.0
10757,4_bl,2025-07-01,4.429,49.183,41.676,433.099,0.096,84.0,E3/E4,,,,1.0
10758,4_bl,2025-07-16,0.65,38.004,53.271,408.263,0.13,2.0,E3/E4,,,,1.0
10760,4_bl,2025-07-14,2.468,58.426,41.7,436.399,0.096,33.0,E3/E4,,,,1.0
10762,4_bl,2025-05-20,0.65,56.907,51.051,463.039,0.11,5.0,E3/E3,,,,0.0
10763,4_bl,2025-07-28,0.65,108.154,47.793,530.285,0.09,9.0,E3/E3,,,,0.0
10767,4_bl,2025-06-10,1.906,57.274,46.839,510.169,0.092,27.0,E3/E4,,,,1.0
10769,4_bl,2025-05-27,0.65,38.293,42.753,427.278,0.1,10.0,E3/E3,,,,0.0
10770,4_bl,2025-05-22,0.65,43.293,31.375,351.716,0.089,14.0,E3/E4,,,,1.0
10774,4_bl,2025-06-03,0.65,42.389,54.093,436.962,0.124,3.0,E3/E3,,,,0.0
10776,4_bl,2025-06-16,1.894,46.029,41.452,423.636,0.098,29.0,E3/E3,,,,0.0
10777,4_bl,2025-07-22,0.65,56.491,58.174,513.227,0.113,4.0,E3/E3,,,,0.0
10778,4_bl,2025-07-29,0.65,76.176,55.839,601.326,0.093,9.0,E3/E3,,,,0.0
10782,4_bl,2025-08-12,0.65,32.114,40.618,434.449,0.093,15.0,E3/E4,,,,1.0
10783,4_bl,2025-06-09,0.65,36.139,42.043,399.582,0.105,8.0,E3/E3,,,,0.0
10788,4_bl,2025-06-02,5.393,40.488,38.781,434.52,0.089,99.0,E3/E4,,,,1.0
10793,4_bl,2025-07-21,2.75,70.043,72.269,470.973,0.153,2.0,E3/E4,,,,1.0
10796,4_bl,2025-06-30,3.046,31.085,39.347,438.873,0.09,92.0,E3/E4,,,,1.0
10797,4_bl,2025-07-09,0.65,54.737,34.753,390.186,0.089,13.0,E3/E3,,,,0.0
10804,4_bl,2025-07-07,1.566,37.487,32.326,365.461,0.088,40.0,E3/E3,,,,0.0
10805,4_bl,2025-06-26,0.65,34.283,46.252,437.496,0.106,8.0,E2/E3,,,,0.0
10806,4_bl,2025-08-14,1.32,59.195,51.039,518.239,0.098,13.0,E2/E3,,,,0.0
10807,4_bl,2025-07-11,0.65,42.135,36.723,374.449,0.098,10.0,E3/E3,,,,0.0
10809,4_bl,2025-08-04,0.65,35.721,50.817,475.164,0.107,8.0,E3/E3,,,,0.0
10812,4_bl,2025-06-18,4.063,59.36,50.838,533.243,0.095,65.0,E2/E4,,,,1.0
10815,4_bl,2025-07-23,0.65,60.896,49.996,433.542,0.115,4.0,E3/E4,,,,1.0
10816,4_bl,2025-07-28,0.65,76.579,50.51,583.592,0.087,12.0,E3/E3,,,,0.0
10819,4_bl,2025-06-24,0.65,42.103,45.335,420.433,0.108,6.0,E3/E4,,,,1.0
10821,4_bl,2025-07-21,4.516,126.225,85.48,790.376,0.108,16.0,E3/E4,,,,1.0
10823,4_bl,2025-07-10,0.65,105.325,56.145,618.479,0.091,9.0,E3/E3,,,,0.0
10824,4_bl,2025-08-13,6.363,57.87,33.586,328.204,0.102,92.0,E3/E4,,,,1.0
10825,4_bl,2025-07-31,4.362,79.392,53.797,543.307,0.099,44.0,E3/E3,,,,0.0
10832,4_bl,2025-07-24,3.429,88.783,57.141,597.465,0.096,29.0,E3/E4,,,,1.0
10835,4_bl,2025-08-14,8.68,77.641,42.588,543.327,0.078,97.0,E3/E4,,,,1.0
10839,4_bl,2025-07-23,0.65,62.759,53.552,548.32,0.098,8.0,E3/E4,,,,1.0
10840,4_bl,2025-08-11,0.65,47.2,44.315,422.164,0.105,7.0,E3/E3,,,,0.0
10841,4_bl,2025-07-16,1.835,118.5,49.422,542.631,0.091,14.0,E3/E4,,,,1.0
10843,4_bl,2025-08-13,10.321,66.163,43.116,493.493,0.087,100.0,E3/E4,,,,1.0
10845,4_bl,2025-08-13,1.328,44.74,48.851,593.678,0.082,33.0,E3/E3,,,,0.0
10848,4_bl,2025-08-19,12.789,85.983,50.882,648.71,0.078,100.0,E3/E4,,,,1.0
10849,4_bl,2025-07-16,5.919,61.184,44.114,382.402,0.115,74.0,E3/E3,,,,0.0
10850,4_bl,2025-08-18,0.65,42.21,39.304,502.269,0.078,23.0,E4/E4,,,,2.0
10855,4_bl,2025-08-04,2.008,48.335,42.255,484.444,0.087,41.0,E4/E4,,,,2.0
10857,4_bl,2025-08-07,3.786,48.471,31.608,293.068,0.108,62.0,E3/E4,,,,1.0
10858,4_bl,2025-08-19,1.933,83.359,66.328,610.136,0.109,9.0,E3/E3,,,,0.0
10860,4_bl,2025-08-05,2.073,60.547,60.355,628.834,0.096,24.0,E3/E4,,,,1.0
10864,4_bl,2025-08-19,2.557,53.831,-4.0,-4.0,-4.0,-4.0,E3/E4,,,,1.0
10865,4_bl,2025-08-18,2.163,55.686,34.06,438.25,0.078,50.0,E2/E4,,,,1.0
10866,4_bl,2025-07-09,2.629,53.542,39.734,394.69,0.101,35.0,E3/E3,,,,0.0
10867,4_bl,2025-08-12,2.817,61.644,44.42,413.696,0.107,24.0,E3/E4,,,,1.0
10868,4_bl,2025-08-12,2.874,50.133,41.37,467.458,0.089,60.0,E3/E4,,,,1.0
10869,4_bl,2025-08-11,5.94,65.138,39.01,397.274,0.098,84.0,E4/E4,,,,2.0
10870,4_bl,2025-08-14,3.682,35.745,56.732,540.18,0.105,87.0,E2/E3,,,,0.0
10871,4_bl,2025-08-18,7.203,54.937,42.708,424.434,0.101,97.0,E4/E4,,,,2.0
10872,4_bl,2025-08-20,11.692,71.124,39.29,383.03,0.103,99.0,E3/E4,,,,1.0
10873,4_bl,2025-08-06,-4.0,-4.0,44.271,424.758,0.104,-4.0,E3/E3,,,,0.0
10875,4_bl,2025-08-05,0.65,35.579,48.859,471.509,0.104,9.0,E3/E4,,,,1.0
10878,4_bl,2025-08-12,4.289,60.619,44.252,487.647,0.091,72.0,E4/E4,,,,2.0
10879,4_bl,2025-08-14,0.65,33.177,39.596,414.965,0.095,13.0,E3/E3,,,,0.0
10885,4_bl,2025-08-18,2.601,60.589,35.74,357.498,0.1,29.0,E3/E4,,,,1.0
10888,4_bl,2025-08-07,1.614,60.531,61.036,563.821,0.108,11.0,E4/E4,,,,2.0
